--
-- PostgreSQL database dump
--

-- Dumped from database version 13.18 (Debian 13.18-1.pgdg120+1)
-- Dumped by pg_dump version 13.18 (Debian 13.18-1.pgdg120+1)

SET statement_timeout = 0;
SET lock_timeout = 0;
SET idle_in_transaction_session_timeout = 0;
SET client_encoding = 'UTF8';
SET standard_conforming_strings = on;
SELECT pg_catalog.set_config('search_path', '', false);
SET check_function_bodies = false;
SET xmloption = content;
SET client_min_messages = warning;
SET row_security = off;

SET default_tablespace = '';

SET default_table_access_method = heap;

--
-- Name: account_emailaddress; Type: TABLE; Schema: public; Owner: postgres
--

CREATE TABLE public.account_emailaddress (
    id integer NOT NULL,
    email character varying(254) NOT NULL,
    verified boolean NOT NULL,
    "primary" boolean NOT NULL,
    user_id integer NOT NULL
);


ALTER TABLE public.account_emailaddress OWNER TO postgres;

--
-- Name: account_emailaddress_id_seq; Type: SEQUENCE; Schema: public; Owner: postgres
--

ALTER TABLE public.account_emailaddress ALTER COLUMN id ADD GENERATED BY DEFAULT AS IDENTITY (
    SEQUENCE NAME public.account_emailaddress_id_seq
    START WITH 1
    INCREMENT BY 1
    NO MINVALUE
    NO MAXVALUE
    CACHE 1
);


--
-- Name: account_emailconfirmation; Type: TABLE; Schema: public; Owner: postgres
--

CREATE TABLE public.account_emailconfirmation (
    id integer NOT NULL,
    created timestamp with time zone NOT NULL,
    sent timestamp with time zone,
    key character varying(64) NOT NULL,
    email_address_id integer NOT NULL
);


ALTER TABLE public.account_emailconfirmation OWNER TO postgres;

--
-- Name: account_emailconfirmation_id_seq; Type: SEQUENCE; Schema: public; Owner: postgres
--

ALTER TABLE public.account_emailconfirmation ALTER COLUMN id ADD GENERATED BY DEFAULT AS IDENTITY (
    SEQUENCE NAME public.account_emailconfirmation_id_seq
    START WITH 1
    INCREMENT BY 1
    NO MINVALUE
    NO MAXVALUE
    CACHE 1
);


--
-- Name: auth_group; Type: TABLE; Schema: public; Owner: postgres
--

CREATE TABLE public.auth_group (
    id integer NOT NULL,
    name character varying(150) NOT NULL
);


ALTER TABLE public.auth_group OWNER TO postgres;

--
-- Name: auth_group_id_seq; Type: SEQUENCE; Schema: public; Owner: postgres
--

ALTER TABLE public.auth_group ALTER COLUMN id ADD GENERATED BY DEFAULT AS IDENTITY (
    SEQUENCE NAME public.auth_group_id_seq
    START WITH 1
    INCREMENT BY 1
    NO MINVALUE
    NO MAXVALUE
    CACHE 1
);


--
-- Name: auth_group_permissions; Type: TABLE; Schema: public; Owner: postgres
--

CREATE TABLE public.auth_group_permissions (
    id bigint NOT NULL,
    group_id integer NOT NULL,
    permission_id integer NOT NULL
);


ALTER TABLE public.auth_group_permissions OWNER TO postgres;

--
-- Name: auth_group_permissions_id_seq; Type: SEQUENCE; Schema: public; Owner: postgres
--

ALTER TABLE public.auth_group_permissions ALTER COLUMN id ADD GENERATED BY DEFAULT AS IDENTITY (
    SEQUENCE NAME public.auth_group_permissions_id_seq
    START WITH 1
    INCREMENT BY 1
    NO MINVALUE
    NO MAXVALUE
    CACHE 1
);


--
-- Name: auth_permission; Type: TABLE; Schema: public; Owner: postgres
--

CREATE TABLE public.auth_permission (
    id integer NOT NULL,
    name character varying(255) NOT NULL,
    content_type_id integer NOT NULL,
    codename character varying(100) NOT NULL
);


ALTER TABLE public.auth_permission OWNER TO postgres;

--
-- Name: auth_permission_id_seq; Type: SEQUENCE; Schema: public; Owner: postgres
--

ALTER TABLE public.auth_permission ALTER COLUMN id ADD GENERATED BY DEFAULT AS IDENTITY (
    SEQUENCE NAME public.auth_permission_id_seq
    START WITH 1
    INCREMENT BY 1
    NO MINVALUE
    NO MAXVALUE
    CACHE 1
);


--
-- Name: auth_user; Type: TABLE; Schema: public; Owner: postgres
--

CREATE TABLE public.auth_user (
    id integer NOT NULL,
    password character varying(128) NOT NULL,
    last_login timestamp with time zone,
    is_superuser boolean NOT NULL,
    username character varying(150) NOT NULL,
    first_name character varying(150) NOT NULL,
    last_name character varying(150) NOT NULL,
    email character varying(254) NOT NULL,
    is_staff boolean NOT NULL,
    is_active boolean NOT NULL,
    date_joined timestamp with time zone NOT NULL
);


ALTER TABLE public.auth_user OWNER TO postgres;

--
-- Name: auth_user_groups; Type: TABLE; Schema: public; Owner: postgres
--

CREATE TABLE public.auth_user_groups (
    id bigint NOT NULL,
    user_id integer NOT NULL,
    group_id integer NOT NULL
);


ALTER TABLE public.auth_user_groups OWNER TO postgres;

--
-- Name: auth_user_groups_id_seq; Type: SEQUENCE; Schema: public; Owner: postgres
--

ALTER TABLE public.auth_user_groups ALTER COLUMN id ADD GENERATED BY DEFAULT AS IDENTITY (
    SEQUENCE NAME public.auth_user_groups_id_seq
    START WITH 1
    INCREMENT BY 1
    NO MINVALUE
    NO MAXVALUE
    CACHE 1
);


--
-- Name: auth_user_id_seq; Type: SEQUENCE; Schema: public; Owner: postgres
--

ALTER TABLE public.auth_user ALTER COLUMN id ADD GENERATED BY DEFAULT AS IDENTITY (
    SEQUENCE NAME public.auth_user_id_seq
    START WITH 1
    INCREMENT BY 1
    NO MINVALUE
    NO MAXVALUE
    CACHE 1
);


--
-- Name: auth_user_user_permissions; Type: TABLE; Schema: public; Owner: postgres
--

CREATE TABLE public.auth_user_user_permissions (
    id bigint NOT NULL,
    user_id integer NOT NULL,
    permission_id integer NOT NULL
);


ALTER TABLE public.auth_user_user_permissions OWNER TO postgres;

--
-- Name: auth_user_user_permissions_id_seq; Type: SEQUENCE; Schema: public; Owner: postgres
--

ALTER TABLE public.auth_user_user_permissions ALTER COLUMN id ADD GENERATED BY DEFAULT AS IDENTITY (
    SEQUENCE NAME public.auth_user_user_permissions_id_seq
    START WITH 1
    INCREMENT BY 1
    NO MINVALUE
    NO MAXVALUE
    CACHE 1
);


--
-- Name: django_admin_log; Type: TABLE; Schema: public; Owner: postgres
--

CREATE TABLE public.django_admin_log (
    id integer NOT NULL,
    action_time timestamp with time zone NOT NULL,
    object_id text,
    object_repr character varying(200) NOT NULL,
    action_flag smallint NOT NULL,
    change_message text NOT NULL,
    content_type_id integer,
    user_id integer NOT NULL,
    CONSTRAINT django_admin_log_action_flag_check CHECK ((action_flag >= 0))
);


ALTER TABLE public.django_admin_log OWNER TO postgres;

--
-- Name: django_admin_log_id_seq; Type: SEQUENCE; Schema: public; Owner: postgres
--

ALTER TABLE public.django_admin_log ALTER COLUMN id ADD GENERATED BY DEFAULT AS IDENTITY (
    SEQUENCE NAME public.django_admin_log_id_seq
    START WITH 1
    INCREMENT BY 1
    NO MINVALUE
    NO MAXVALUE
    CACHE 1
);


--
-- Name: django_content_type; Type: TABLE; Schema: public; Owner: postgres
--

CREATE TABLE public.django_content_type (
    id integer NOT NULL,
    app_label character varying(100) NOT NULL,
    model character varying(100) NOT NULL
);


ALTER TABLE public.django_content_type OWNER TO postgres;

--
-- Name: django_content_type_id_seq; Type: SEQUENCE; Schema: public; Owner: postgres
--

ALTER TABLE public.django_content_type ALTER COLUMN id ADD GENERATED BY DEFAULT AS IDENTITY (
    SEQUENCE NAME public.django_content_type_id_seq
    START WITH 1
    INCREMENT BY 1
    NO MINVALUE
    NO MAXVALUE
    CACHE 1
);


--
-- Name: django_migrations; Type: TABLE; Schema: public; Owner: postgres
--

CREATE TABLE public.django_migrations (
    id bigint NOT NULL,
    app character varying(255) NOT NULL,
    name character varying(255) NOT NULL,
    applied timestamp with time zone NOT NULL
);


ALTER TABLE public.django_migrations OWNER TO postgres;

--
-- Name: django_migrations_id_seq; Type: SEQUENCE; Schema: public; Owner: postgres
--

ALTER TABLE public.django_migrations ALTER COLUMN id ADD GENERATED BY DEFAULT AS IDENTITY (
    SEQUENCE NAME public.django_migrations_id_seq
    START WITH 1
    INCREMENT BY 1
    NO MINVALUE
    NO MAXVALUE
    CACHE 1
);


--
-- Name: django_session; Type: TABLE; Schema: public; Owner: postgres
--

CREATE TABLE public.django_session (
    session_key character varying(40) NOT NULL,
    session_data text NOT NULL,
    expire_date timestamp with time zone NOT NULL
);


ALTER TABLE public.django_session OWNER TO postgres;

--
-- Name: groups_manager_group; Type: TABLE; Schema: public; Owner: postgres
--

CREATE TABLE public.groups_manager_group (
    id bigint NOT NULL,
    name character varying(255) NOT NULL,
    codename character varying(255) NOT NULL,
    description text NOT NULL,
    comment text NOT NULL,
    full_name character varying(255) NOT NULL,
    properties jsonb NOT NULL,
    django_auth_sync boolean NOT NULL,
    lft integer NOT NULL,
    rght integer NOT NULL,
    tree_id integer NOT NULL,
    level integer NOT NULL,
    django_group_id integer,
    group_type_id bigint,
    parent_id bigint,
    CONSTRAINT groups_manager_group_level_check CHECK ((level >= 0)),
    CONSTRAINT groups_manager_group_lft_check CHECK ((lft >= 0)),
    CONSTRAINT groups_manager_group_rght_check CHECK ((rght >= 0)),
    CONSTRAINT groups_manager_group_tree_id_check CHECK ((tree_id >= 0))
);


ALTER TABLE public.groups_manager_group OWNER TO postgres;

--
-- Name: groups_manager_group_group_entities; Type: TABLE; Schema: public; Owner: postgres
--

CREATE TABLE public.groups_manager_group_group_entities (
    id bigint NOT NULL,
    group_id bigint NOT NULL,
    groupentity_id bigint NOT NULL
);


ALTER TABLE public.groups_manager_group_group_entities OWNER TO postgres;

--
-- Name: groups_manager_group_group_entities_id_seq; Type: SEQUENCE; Schema: public; Owner: postgres
--

ALTER TABLE public.groups_manager_group_group_entities ALTER COLUMN id ADD GENERATED BY DEFAULT AS IDENTITY (
    SEQUENCE NAME public.groups_manager_group_group_entities_id_seq
    START WITH 1
    INCREMENT BY 1
    NO MINVALUE
    NO MAXVALUE
    CACHE 1
);


--
-- Name: groups_manager_group_id_seq; Type: SEQUENCE; Schema: public; Owner: postgres
--

ALTER TABLE public.groups_manager_group ALTER COLUMN id ADD GENERATED BY DEFAULT AS IDENTITY (
    SEQUENCE NAME public.groups_manager_group_id_seq
    START WITH 1
    INCREMENT BY 1
    NO MINVALUE
    NO MAXVALUE
    CACHE 1
);


--
-- Name: groups_manager_groupentity; Type: TABLE; Schema: public; Owner: postgres
--

CREATE TABLE public.groups_manager_groupentity (
    id bigint NOT NULL,
    label character varying(255) NOT NULL,
    codename character varying(255) NOT NULL
);


ALTER TABLE public.groups_manager_groupentity OWNER TO postgres;

--
-- Name: groups_manager_groupentity_id_seq; Type: SEQUENCE; Schema: public; Owner: postgres
--

ALTER TABLE public.groups_manager_groupentity ALTER COLUMN id ADD GENERATED BY DEFAULT AS IDENTITY (
    SEQUENCE NAME public.groups_manager_groupentity_id_seq
    START WITH 1
    INCREMENT BY 1
    NO MINVALUE
    NO MAXVALUE
    CACHE 1
);


--
-- Name: groups_manager_groupmember; Type: TABLE; Schema: public; Owner: postgres
--

CREATE TABLE public.groups_manager_groupmember (
    id bigint NOT NULL,
    group_id bigint NOT NULL,
    member_id bigint NOT NULL,
    expiration_date timestamp with time zone
);


ALTER TABLE public.groups_manager_groupmember OWNER TO postgres;

--
-- Name: groups_manager_groupmember_id_seq; Type: SEQUENCE; Schema: public; Owner: postgres
--

ALTER TABLE public.groups_manager_groupmember ALTER COLUMN id ADD GENERATED BY DEFAULT AS IDENTITY (
    SEQUENCE NAME public.groups_manager_groupmember_id_seq
    START WITH 1
    INCREMENT BY 1
    NO MINVALUE
    NO MAXVALUE
    CACHE 1
);


--
-- Name: groups_manager_groupmember_roles; Type: TABLE; Schema: public; Owner: postgres
--

CREATE TABLE public.groups_manager_groupmember_roles (
    id bigint NOT NULL,
    groupmember_id bigint NOT NULL,
    groupmemberrole_id bigint NOT NULL
);


ALTER TABLE public.groups_manager_groupmember_roles OWNER TO postgres;

--
-- Name: groups_manager_groupmember_roles_id_seq; Type: SEQUENCE; Schema: public; Owner: postgres
--

ALTER TABLE public.groups_manager_groupmember_roles ALTER COLUMN id ADD GENERATED BY DEFAULT AS IDENTITY (
    SEQUENCE NAME public.groups_manager_groupmember_roles_id_seq
    START WITH 1
    INCREMENT BY 1
    NO MINVALUE
    NO MAXVALUE
    CACHE 1
);


--
-- Name: groups_manager_groupmemberrole; Type: TABLE; Schema: public; Owner: postgres
--

CREATE TABLE public.groups_manager_groupmemberrole (
    id bigint NOT NULL,
    label character varying(255) NOT NULL,
    codename character varying(255) NOT NULL
);


ALTER TABLE public.groups_manager_groupmemberrole OWNER TO postgres;

--
-- Name: groups_manager_groupmemberrole_id_seq; Type: SEQUENCE; Schema: public; Owner: postgres
--

ALTER TABLE public.groups_manager_groupmemberrole ALTER COLUMN id ADD GENERATED BY DEFAULT AS IDENTITY (
    SEQUENCE NAME public.groups_manager_groupmemberrole_id_seq
    START WITH 1
    INCREMENT BY 1
    NO MINVALUE
    NO MAXVALUE
    CACHE 1
);


--
-- Name: groups_manager_grouptype; Type: TABLE; Schema: public; Owner: postgres
--

CREATE TABLE public.groups_manager_grouptype (
    id bigint NOT NULL,
    label character varying(255) NOT NULL,
    codename character varying(255) NOT NULL
);


ALTER TABLE public.groups_manager_grouptype OWNER TO postgres;

--
-- Name: groups_manager_grouptype_id_seq; Type: SEQUENCE; Schema: public; Owner: postgres
--

ALTER TABLE public.groups_manager_grouptype ALTER COLUMN id ADD GENERATED BY DEFAULT AS IDENTITY (
    SEQUENCE NAME public.groups_manager_grouptype_id_seq
    START WITH 1
    INCREMENT BY 1
    NO MINVALUE
    NO MAXVALUE
    CACHE 1
);


--
-- Name: groups_manager_member; Type: TABLE; Schema: public; Owner: postgres
--

CREATE TABLE public.groups_manager_member (
    id bigint NOT NULL,
    first_name character varying(255) NOT NULL,
    last_name character varying(255) NOT NULL,
    username character varying(255) NOT NULL,
    email character varying(255) NOT NULL,
    django_auth_sync boolean NOT NULL,
    django_user_id integer
);


ALTER TABLE public.groups_manager_member OWNER TO postgres;

--
-- Name: groups_manager_member_id_seq; Type: SEQUENCE; Schema: public; Owner: postgres
--

ALTER TABLE public.groups_manager_member ALTER COLUMN id ADD GENERATED BY DEFAULT AS IDENTITY (
    SEQUENCE NAME public.groups_manager_member_id_seq
    START WITH 1
    INCREMENT BY 1
    NO MINVALUE
    NO MAXVALUE
    CACHE 1
);


--
-- Name: meu_app_chatrecentes; Type: TABLE; Schema: public; Owner: postgres
--

CREATE TABLE public.meu_app_chatrecentes (
    id bigint NOT NULL,
    ultima_mensagem timestamp with time zone NOT NULL,
    contato_id integer NOT NULL,
    usuario_id integer NOT NULL
);


ALTER TABLE public.meu_app_chatrecentes OWNER TO postgres;

--
-- Name: meu_app_chatrecentes_id_seq; Type: SEQUENCE; Schema: public; Owner: postgres
--

ALTER TABLE public.meu_app_chatrecentes ALTER COLUMN id ADD GENERATED BY DEFAULT AS IDENTITY (
    SEQUENCE NAME public.meu_app_chatrecentes_id_seq
    START WITH 1
    INCREMENT BY 1
    NO MINVALUE
    NO MAXVALUE
    CACHE 1
);


--
-- Name: meu_app_mensagem; Type: TABLE; Schema: public; Owner: postgres
--

CREATE TABLE public.meu_app_mensagem (
    id bigint NOT NULL,
    conteudo text NOT NULL,
    "timestamp" timestamp with time zone NOT NULL,
    lido boolean NOT NULL,
    destinatario_id integer NOT NULL,
    remetente_id integer NOT NULL
);


ALTER TABLE public.meu_app_mensagem OWNER TO postgres;

--
-- Name: meu_app_mensagem_id_seq; Type: SEQUENCE; Schema: public; Owner: postgres
--

ALTER TABLE public.meu_app_mensagem ALTER COLUMN id ADD GENERATED BY DEFAULT AS IDENTITY (
    SEQUENCE NAME public.meu_app_mensagem_id_seq
    START WITH 1
    INCREMENT BY 1
    NO MINVALUE
    NO MAXVALUE
    CACHE 1
);


--
-- Name: meu_app_post; Type: TABLE; Schema: public; Owner: postgres
--

CREATE TABLE public.meu_app_post (
    id bigint NOT NULL,
    conteudo text NOT NULL,
    criado_em timestamp with time zone NOT NULL,
    autor_id integer NOT NULL,
    comunidade_id bigint NOT NULL
);


ALTER TABLE public.meu_app_post OWNER TO postgres;

--
-- Name: meu_app_post_id_seq; Type: SEQUENCE; Schema: public; Owner: postgres
--

ALTER TABLE public.meu_app_post ALTER COLUMN id ADD GENERATED BY DEFAULT AS IDENTITY (
    SEQUENCE NAME public.meu_app_post_id_seq
    START WITH 1
    INCREMENT BY 1
    NO MINVALUE
    NO MAXVALUE
    CACHE 1
);


--
-- Name: meu_app_profile; Type: TABLE; Schema: public; Owner: postgres
--

CREATE TABLE public.meu_app_profile (
    id bigint NOT NULL,
    nickname character varying(50) NOT NULL,
    birth_date date,
    country character varying(50) NOT NULL,
    state character varying(50) NOT NULL,
    city character varying(50) NOT NULL,
    marital_status character varying(50) NOT NULL,
    interests text NOT NULL,
    profession character varying(100) NOT NULL,
    looking_for character varying(50) NOT NULL,
    age_range character varying(20) NOT NULL,
    religion character varying(50) NOT NULL,
    languages character varying(100) NOT NULL,
    smoking_status character varying(50) NOT NULL,
    drinking_status character varying(50) NOT NULL,
    more_homebody boolean NOT NULL,
    less_homebody boolean NOT NULL,
    body_type character varying(50) NOT NULL,
    height integer,
    weight integer,
    profile_picture character varying(100),
    photo_album character varying(100),
    lgbtq_status character varying(50) NOT NULL,
    relationship_role character varying(50) NOT NULL,
    role_description text NOT NULL,
    headline character varying(150) NOT NULL,
    user_id integer NOT NULL,
    CONSTRAINT meu_app_profile_height_check CHECK ((height >= 0)),
    CONSTRAINT meu_app_profile_weight_check CHECK ((weight >= 0))
);


ALTER TABLE public.meu_app_profile OWNER TO postgres;

--
-- Name: meu_app_profile_id_seq; Type: SEQUENCE; Schema: public; Owner: postgres
--

ALTER TABLE public.meu_app_profile ALTER COLUMN id ADD GENERATED BY DEFAULT AS IDENTITY (
    SEQUENCE NAME public.meu_app_profile_id_seq
    START WITH 1
    INCREMENT BY 1
    NO MINVALUE
    NO MAXVALUE
    CACHE 1
);


--
-- Name: socialaccount_socialaccount; Type: TABLE; Schema: public; Owner: postgres
--

CREATE TABLE public.socialaccount_socialaccount (
    id integer NOT NULL,
    provider character varying(200) NOT NULL,
    uid character varying(191) NOT NULL,
    last_login timestamp with time zone NOT NULL,
    date_joined timestamp with time zone NOT NULL,
    extra_data jsonb NOT NULL,
    user_id integer NOT NULL
);


ALTER TABLE public.socialaccount_socialaccount OWNER TO postgres;

--
-- Name: socialaccount_socialaccount_id_seq; Type: SEQUENCE; Schema: public; Owner: postgres
--

ALTER TABLE public.socialaccount_socialaccount ALTER COLUMN id ADD GENERATED BY DEFAULT AS IDENTITY (
    SEQUENCE NAME public.socialaccount_socialaccount_id_seq
    START WITH 1
    INCREMENT BY 1
    NO MINVALUE
    NO MAXVALUE
    CACHE 1
);


--
-- Name: socialaccount_socialapp; Type: TABLE; Schema: public; Owner: postgres
--

CREATE TABLE public.socialaccount_socialapp (
    id integer NOT NULL,
    provider character varying(30) NOT NULL,
    name character varying(40) NOT NULL,
    client_id character varying(191) NOT NULL,
    secret character varying(191) NOT NULL,
    key character varying(191) NOT NULL,
    provider_id character varying(200) NOT NULL,
    settings jsonb NOT NULL
);


ALTER TABLE public.socialaccount_socialapp OWNER TO postgres;

--
-- Name: socialaccount_socialapp_id_seq; Type: SEQUENCE; Schema: public; Owner: postgres
--

ALTER TABLE public.socialaccount_socialapp ALTER COLUMN id ADD GENERATED BY DEFAULT AS IDENTITY (
    SEQUENCE NAME public.socialaccount_socialapp_id_seq
    START WITH 1
    INCREMENT BY 1
    NO MINVALUE
    NO MAXVALUE
    CACHE 1
);


--
-- Name: socialaccount_socialtoken; Type: TABLE; Schema: public; Owner: postgres
--

CREATE TABLE public.socialaccount_socialtoken (
    id integer NOT NULL,
    token text NOT NULL,
    token_secret text NOT NULL,
    expires_at timestamp with time zone,
    account_id integer NOT NULL,
    app_id integer
);


ALTER TABLE public.socialaccount_socialtoken OWNER TO postgres;

--
-- Name: socialaccount_socialtoken_id_seq; Type: SEQUENCE; Schema: public; Owner: postgres
--

ALTER TABLE public.socialaccount_socialtoken ALTER COLUMN id ADD GENERATED BY DEFAULT AS IDENTITY (
    SEQUENCE NAME public.socialaccount_socialtoken_id_seq
    START WITH 1
    INCREMENT BY 1
    NO MINVALUE
    NO MAXVALUE
    CACHE 1
);


--
-- Data for Name: account_emailaddress; Type: TABLE DATA; Schema: public; Owner: postgres
--

COPY public.account_emailaddress (id, email, verified, "primary", user_id) FROM stdin;
1	fulano_a@teste.com	t	t	1
2	fulano_b@teste.com	t	t	2
3	fulano_c@teste.com	t	t	3
4	fulano_d@teste.com	t	t	4
5	fulano_e@teste.com	t	t	5
6	fulano_f@teste.com	t	t	6
7	fulano_g@teste.com	t	t	7
8	fulano_h@teste.com	t	t	8
9	fulano_i@teste.com	t	t	9
10	fulano_j@teste.com	t	t	10
\.


--
-- Data for Name: account_emailconfirmation; Type: TABLE DATA; Schema: public; Owner: postgres
--

COPY public.account_emailconfirmation (id, created, sent, key, email_address_id) FROM stdin;
\.


--
-- Data for Name: auth_group; Type: TABLE DATA; Schema: public; Owner: postgres
--

COPY public.auth_group (id, name) FROM stdin;
\.


--
-- Data for Name: auth_group_permissions; Type: TABLE DATA; Schema: public; Owner: postgres
--

COPY public.auth_group_permissions (id, group_id, permission_id) FROM stdin;
\.


--
-- Data for Name: auth_permission; Type: TABLE DATA; Schema: public; Owner: postgres
--

COPY public.auth_permission (id, name, content_type_id, codename) FROM stdin;
1	Can add log entry	1	add_logentry
2	Can change log entry	1	change_logentry
3	Can delete log entry	1	delete_logentry
4	Can view log entry	1	view_logentry
5	Can add permission	2	add_permission
6	Can change permission	2	change_permission
7	Can delete permission	2	delete_permission
8	Can view permission	2	view_permission
9	Can add group	3	add_group
10	Can change group	3	change_group
11	Can delete group	3	delete_group
12	Can view group	3	view_group
13	Can add user	4	add_user
14	Can change user	4	change_user
15	Can delete user	4	delete_user
16	Can view user	4	view_user
17	Can add content type	5	add_contenttype
18	Can change content type	5	change_contenttype
19	Can delete content type	5	delete_contenttype
20	Can view content type	5	view_contenttype
21	Can add session	6	add_session
22	Can change session	6	change_session
23	Can delete session	6	delete_session
24	Can view session	6	view_session
25	Can add mensagem	7	add_mensagem
26	Can change mensagem	7	change_mensagem
27	Can delete mensagem	7	delete_mensagem
28	Can view mensagem	7	view_mensagem
29	Can add post	8	add_post
30	Can change post	8	change_post
31	Can delete post	8	delete_post
32	Can view post	8	view_post
33	Can add profile	9	add_profile
34	Can change profile	9	change_profile
35	Can delete profile	9	delete_profile
36	Can view profile	9	view_profile
37	Can add email address	10	add_emailaddress
38	Can change email address	10	change_emailaddress
39	Can delete email address	10	delete_emailaddress
40	Can view email address	10	view_emailaddress
41	Can add email confirmation	11	add_emailconfirmation
42	Can change email confirmation	11	change_emailconfirmation
43	Can delete email confirmation	11	delete_emailconfirmation
44	Can view email confirmation	11	view_emailconfirmation
45	Can add social account	12	add_socialaccount
46	Can change social account	12	change_socialaccount
47	Can delete social account	12	delete_socialaccount
48	Can view social account	12	view_socialaccount
49	Can add social application	13	add_socialapp
50	Can change social application	13	change_socialapp
51	Can delete social application	13	delete_socialapp
52	Can view social application	13	view_socialapp
53	Can add social application token	14	add_socialtoken
54	Can change social application token	14	change_socialtoken
55	Can delete social application token	14	delete_socialtoken
56	Can view social application token	14	view_socialtoken
57	Can add group	15	add_group
58	Can change group	15	change_group
59	Can delete group	15	delete_group
60	Can view group	15	view_group
61	Can add group entity	16	add_groupentity
62	Can change group entity	16	change_groupentity
63	Can delete group entity	16	delete_groupentity
64	Can view group entity	16	view_groupentity
65	Can add group member	17	add_groupmember
66	Can change group member	17	change_groupmember
67	Can delete group member	17	delete_groupmember
68	Can view group member	17	view_groupmember
69	Can add group member role	18	add_groupmemberrole
70	Can change group member role	18	change_groupmemberrole
71	Can delete group member role	18	delete_groupmemberrole
72	Can view group member role	18	view_groupmemberrole
73	Can add group type	19	add_grouptype
74	Can change group type	19	change_grouptype
75	Can delete group type	19	delete_grouptype
76	Can view group type	19	view_grouptype
77	Can add member	20	add_member
78	Can change member	20	change_member
79	Can delete member	20	delete_member
80	Can view member	20	view_member
81	Can add chat recentes	21	add_chatrecentes
82	Can change chat recentes	21	change_chatrecentes
83	Can delete chat recentes	21	delete_chatrecentes
84	Can view chat recentes	21	view_chatrecentes
\.


--
-- Data for Name: auth_user; Type: TABLE DATA; Schema: public; Owner: postgres
--

COPY public.auth_user (id, password, last_login, is_superuser, username, first_name, last_name, email, is_staff, is_active, date_joined) FROM stdin;
2	pbkdf2_sha256$870000$PbvpPO9BJY3J6ne4UL7REE$0PhzTdYtC8e8ipdYxgYutuOBvWbXRrnUoxHEHKigKo4=	\N	f	fulano_b			fulano_b@teste.com	f	t	2025-02-02 04:34:12.059732+00
4	pbkdf2_sha256$870000$6qySf2KnHidIMeec1UNRzD$WzGJWzma3v8y0+3c4Q0PZKCUN6e+DmpVCXOvtvkxBd0=	\N	f	fulano_d			fulano_d@teste.com	f	t	2025-02-02 04:37:19.848249+00
5	pbkdf2_sha256$870000$av6bZ5gUJBexCq0ZOuKW0O$Hs1jCjNjde6XbgYVItAOkbnrd3Co5Kit+E1hlsH9LcA=	\N	f	fulano_e			fulano_e@teste.com	f	t	2025-02-02 04:37:20.299113+00
6	pbkdf2_sha256$870000$aKIJXGxRotcKl5bEUbqxs2$bddPgB11c0nSVN28qo7VTID3E1cJYZ5c7VDDH5yK5QQ=	\N	f	fulano_f			fulano_f@teste.com	f	t	2025-02-02 04:37:20.75082+00
7	pbkdf2_sha256$870000$BlmkiF5ACGCFYS57WlhOyl$1wE4t0eAfk8gnpI/nd9sH1tfhKEFQQr9CxTvfWp4Zgc=	\N	f	fulano_g			fulano_g@teste.com	f	t	2025-02-02 04:37:21.221138+00
8	pbkdf2_sha256$870000$2D4XeUbGeyCNnDz1ksx1Wi$d+tcA8/WCd/59oNsXvEZyLVXWV3LIrLul2uzXN0jzn8=	\N	f	fulano_h			fulano_h@teste.com	f	t	2025-02-02 04:37:21.674439+00
9	pbkdf2_sha256$870000$vB1yOPoviVv6zHbXs1IVoG$i9EKbpFJA6Qpg5Dh4QGUDN/6nwSmVV6X21wck0UMolQ=	\N	f	fulano_i			fulano_i@teste.com	f	t	2025-02-02 04:37:22.173395+00
10	pbkdf2_sha256$870000$ZfJwbcbIcHeFnqSFN0tSFM$QNS2eIpnqKcHjdcc6JBt0XJpdYIdx26qfSHGZOWlLXk=	\N	f	fulano_j			fulano_j@teste.com	f	t	2025-02-02 04:37:22.64978+00
3	pbkdf2_sha256$870000$awLv2OKuSTAf6MdqxWuMl9$ANUQNj9J/tWDY1BT5ZClDjcQhfvVni1JG5Klsy1CuZg=	2025-02-02 04:52:22.765118+00	f	fulano_c			fulano_c@teste.com	f	t	2025-02-02 04:37:19.387014+00
1	pbkdf2_sha256$870000$ZlihNBEyail8B0V3aUvixT$xKI8K5rKTokP5TrjmSBqe8E/NuUXL8X9dnrOymK5pho=	2025-02-17 04:20:44.133315+00	f	fulano_a			fulano_a@teste.com	f	t	2025-02-02 04:33:20.413334+00
\.


--
-- Data for Name: auth_user_groups; Type: TABLE DATA; Schema: public; Owner: postgres
--

COPY public.auth_user_groups (id, user_id, group_id) FROM stdin;
\.


--
-- Data for Name: auth_user_user_permissions; Type: TABLE DATA; Schema: public; Owner: postgres
--

COPY public.auth_user_user_permissions (id, user_id, permission_id) FROM stdin;
\.


--
-- Data for Name: django_admin_log; Type: TABLE DATA; Schema: public; Owner: postgres
--

COPY public.django_admin_log (id, action_time, object_id, object_repr, action_flag, change_message, content_type_id, user_id) FROM stdin;
\.


--
-- Data for Name: django_content_type; Type: TABLE DATA; Schema: public; Owner: postgres
--

COPY public.django_content_type (id, app_label, model) FROM stdin;
1	admin	logentry
2	auth	permission
3	auth	group
4	auth	user
5	contenttypes	contenttype
6	sessions	session
7	meu_app	mensagem
8	meu_app	post
9	meu_app	profile
10	account	emailaddress
11	account	emailconfirmation
12	socialaccount	socialaccount
13	socialaccount	socialapp
14	socialaccount	socialtoken
15	groups_manager	group
16	groups_manager	groupentity
17	groups_manager	groupmember
18	groups_manager	groupmemberrole
19	groups_manager	grouptype
20	groups_manager	member
21	meu_app	chatrecentes
\.


--
-- Data for Name: django_migrations; Type: TABLE DATA; Schema: public; Owner: postgres
--

COPY public.django_migrations (id, app, name, applied) FROM stdin;
1	contenttypes	0001_initial	2025-02-01 14:27:42.317929+00
2	auth	0001_initial	2025-02-01 14:27:42.386482+00
3	account	0001_initial	2025-02-01 14:27:42.422452+00
4	account	0002_email_max_length	2025-02-01 14:27:42.43164+00
5	account	0003_alter_emailaddress_create_unique_verified_email	2025-02-01 14:27:42.450567+00
6	account	0004_alter_emailaddress_drop_unique_email	2025-02-01 14:27:42.46284+00
7	account	0005_emailaddress_idx_upper_email	2025-02-01 14:27:42.475483+00
8	account	0006_emailaddress_lower	2025-02-01 14:27:42.484884+00
9	account	0007_emailaddress_idx_email	2025-02-01 14:27:42.503167+00
10	account	0008_emailaddress_unique_primary_email_fixup	2025-02-01 14:27:42.514197+00
11	account	0009_emailaddress_unique_primary_email	2025-02-01 14:27:42.525485+00
12	admin	0001_initial	2025-02-01 14:27:42.547678+00
13	admin	0002_logentry_remove_auto_add	2025-02-01 14:27:42.555167+00
14	admin	0003_logentry_add_action_flag_choices	2025-02-01 14:27:42.562656+00
15	contenttypes	0002_remove_content_type_name	2025-02-01 14:27:42.577297+00
16	auth	0002_alter_permission_name_max_length	2025-02-01 14:27:42.586421+00
17	auth	0003_alter_user_email_max_length	2025-02-01 14:27:42.594426+00
18	auth	0004_alter_user_username_opts	2025-02-01 14:27:42.603176+00
19	auth	0005_alter_user_last_login_null	2025-02-01 14:27:42.611655+00
20	auth	0006_require_contenttypes_0002	2025-02-01 14:27:42.613336+00
21	auth	0007_alter_validators_add_error_messages	2025-02-01 14:27:42.622011+00
22	auth	0008_alter_user_username_max_length	2025-02-01 14:27:42.634244+00
23	auth	0009_alter_user_last_name_max_length	2025-02-01 14:27:42.642224+00
24	auth	0010_alter_group_name_max_length	2025-02-01 14:27:42.652026+00
25	auth	0011_update_proxy_permissions	2025-02-01 14:27:42.660252+00
26	auth	0012_alter_user_first_name_max_length	2025-02-01 14:27:42.669755+00
37	sessions	0001_initial	2025-02-01 14:27:43.816209+00
38	socialaccount	0001_initial	2025-02-01 14:27:43.901997+00
39	socialaccount	0002_token_max_lengths	2025-02-01 14:27:43.921688+00
40	socialaccount	0003_extra_data_default_dict	2025-02-01 14:27:43.933472+00
41	socialaccount	0004_app_provider_id_settings	2025-02-01 14:27:43.951682+00
42	socialaccount	0005_socialtoken_nullable_app	2025-02-01 14:27:43.975824+00
43	socialaccount	0006_alter_socialaccount_extra_data	2025-02-01 14:27:43.998+00
44	groups_manager	0001_initial	2025-02-01 14:43:29.066909+00
45	groups_manager	0002_0_4_3_remove_m2m_null	2025-02-01 14:43:29.095064+00
46	groups_manager	0003_0_5_0_rename_reverse_relations_with_vars	2025-02-01 14:43:29.158282+00
47	groups_manager	0004_0_6_0_groupmember_expiration_date	2025-02-01 14:45:20.526063+00
48	groups_manager	0005_0_6_2_verbose_name_expiration_date	2025-02-01 14:45:20.52837+00
49	groups_manager	0006_1_0_0_default	2025-02-01 14:45:20.529679+00
50	groups_manager	0007_1_2_0_alter_group_group_entities_alter_group_group_members_and_more	2025-02-01 14:45:20.530956+00
51	groups_manager	0008_1_3_0_jsonfield_from_django	2025-02-01 14:45:20.532285+00
52	groups_manager	0009_alter_group_id_alter_groupentity_id_and_more	2025-02-01 14:45:20.533678+00
53	meu_app	0001_initial	2025-02-01 14:47:03.386076+00
54	meu_app	0002_chatrecentes	2025-02-02 05:53:49.638822+00
\.


--
-- Data for Name: django_session; Type: TABLE DATA; Schema: public; Owner: postgres
--

COPY public.django_session (session_key, session_data, expire_date) FROM stdin;
7auby6s1rozdzv7c2wc8vnwa10f64lec	.eJxVkE1uhDAMhe_iNULkB0hYdXqNqopMYkRUSEYkqK1Gc_eSKRvkjfWe_fnJD0Br4x6ywT3PFLK3mH0MZqU8R5dg-HjAfw8D3DGl77g5qAAzDKwXSvZMS173rdJcVkAr-uWYnPYFQzT2LVPKVNu4wvOzgtcVsyfajC9AARdtRPtFoRi4LEWuz3T1a-a0U327ZH0_ty6oGdN8cLh0ynExTmpkVjdustoxLahpuSTeWNXJcRKM6aNIdVbr3iFH4TquZNtRgSZKqbyEfu5--4Whef4Bv5BnzA:1teRy2:r4aLMdaLztWXrxk0xaxr0ZEK0PUGbzzC_zbFN60fcuQ	2025-02-16 04:52:22.776529+00
dq309f9d5sio599h0u54zkz7owybkig5	.eJxVkM1ugzAQhN9lzwjhP2w4NX2NKkJrexFWAUfYKK2ivHvjlAu31czst6N9ADoX9zUPuOeJ1hwc5hDXYaE8RZ-g_3rA_ww93DCle9w8VIAZeqaFkYYZY2rW6kYJXgEtGOZXdNxnXOOAH5lSptrFBZ7XCt5nhj3RNoRCZHDSLLpvWouB81zk-qhXvzOHnerLqeznsXVCTZimF4d7gbyz3muuzYiSC21lh1aN2jUtbztNUhquiZNgjCsiJ71jQhnVobG8QBOlVH5CP7ew_ULfPP8A_IVn9A:1teUYS:v_pjOTBrt5AH4fx-u41qds9zUNiB392LW-kx6ssl0Dk	2025-02-16 07:38:08.191698+00
38fs2ma9btb8wzvj9nq6ilowo6wk6zzb	.eJxVkMFuhDAMRP_FZxSREEjCqdvfqFbIJEZEBbLCQdtqtf_eZcuFmzUzfh75Aeh92pbc4ZZHWnL0mGNaupnymAJD-_WA_xlauCHzPa0BCsAMrTSV1a60jRbOOi3LpgCaMU6v6LBNuKQOPzJxJuHTDM9rAe8z3ca0dnEnSjhpPfpvWnYDp2mXxVFPvDOHzeJyKvt5bJ1QI_L44qhQoXJ9CEYZO6BWlem1w74ejC8b1ThDWltlSFElpaqJvA5eVrWtHdpe7VAm5v0n9HOL6y-05fMPAwVn-w:1teWtF:9yUwEsjGSPvD-bGDw-yAZj3oe5OAT4aHQ31RUlfzQrc	2025-02-16 10:07:45.011868+00
wm2gx6y33a536h8mvrvcfoaf4kj2o7e4	.eJxVkMFugzAQRP9lz8jCNsY2p6a_UUVobS8CFewIG6VVlH9vSLlwW83Mvh3tA9D7tMXS41ZGimXyWKYU-4XKmEKG7usB_zN0cMOc72kNUAEW6LiWxtaWt4pxxa2ubQW04DS_osM2Y0w9fhTKhZhPCzyvFbzP9FumtZ92IoeT5tB_U9wNnOddZkc99s4cdmaXU9nPY-uEGjGPL44IEoV1IWihzYCNkNo1Fp0atK9b0VpNTWOEJkGSc6GIfBM8l8ooi8aJHZop5_0n9HOb1l_o6ucf_TZn9Q:1tgHi1:4u5EEVvRnk9gSZm-BxjEMQwPeg__zh4cajoSvcekUAY	2025-02-21 06:19:25.17806+00
hq8yt41m79n2om8e4rgqm11bkj92d9jj	.eJxVkMFuhDAMRP_FZ4SIE0jg1O1vVKvIJEagQrIiQdtqtf_eZcuFmzUzfh75AeRc3EK2tOWRQ54c5SkGu3Aeo0_QfT3gf4YObpTSPa4eCqAMndDStAKNFiWapjIoC-CFpvkVHbaZQrT0kTllLl1c4Hkt4H3GbolXO-1EASetJ_fNYTdonne5POqV78xhp_JyKvt5bJ1QI6XxxUEvCdvee43aDKRQ6l611NeDdlWDTatZKYOakaUQWDM75Z2QtalbMj3u0MQp7T_hn9u0_kJXPf8A-Kln8A:1tgIfn:xI4gOEUhaAI2eqf1R8Rwcy9CYTQLdt8C56S8go0w0ro	2025-02-21 07:21:11.314725+00
6li0fpju7j020xgytioxvpc2q9rqzhgx	.eJxVkM1ugzAQhN9lz8jCP2CbU9PXqCK02IuwCnaEjdIqyrs3pFy4rWZmvx3tA9C5tMXS41YmiiU4LCHFfqEyJZ-h-3rA_wwd3DDne1o9VIAFOq6lsVypumV1LY2xbQW0YJhf0XGbMaYePwrlQsylBZ7XCt5n-i3T2oedyOGkDei-Ke4GzvMus6Mee2cOO7PLqeznsXVCTZinF0d4icIO3muhzYhKSD0oi0Mzale3orWalDJCkyDJuWiInPKOy8Y0Fs0gdmimnPef0M8trL_Q1c8_-Uhn8Q:1tgJ4Y:ejIdKyOxhSWoiU8E7NbdWzRdJrXqgINwDXNQN4C1_38	2025-02-21 07:46:46.027882+00
ufoi033me3tbmc4endikh0h06c9y4v1a	.eJxVkMFuhDAMRP_FZ4Q2JpCEU7e_UVXISYxAhWRFgtpqtf_ezZYLN2tm_DzyHci5uIc80J4nDnl2lOcYhpXzFH2C_uMO_zP0cKOUvuPmoQLK0AvVaCNki7pWBoU2XQW80rw8o-O-UIgDvWVOmWsXV3h8VvA6M-yJt2EuRAEnzZL74lAMWpYi10e9-pU57FRfT2Xfj60TaqI0PTnoG0JjvVeo9EgSG2WlIduOyl067IxiKTUqRm6EwJbZSe9E0-rWkLZYoIlTKj_hn9u8_UJ_efwBBZZn_g:1tgJ6W:T3MXqlSlkD0tPfy2wWFtxVKp1jYnJVCuL6YV-axHI2w	2025-02-21 07:48:48.81195+00
1au5cr13uzd4y2n6fp8updaeew9rlwu4	.eJxVkMFuhDAMRP_FZ4Q2DiGBU7e_UVXISYxAhWRFgtpqtf_ezZYLN2tm_DzyHci5uIc80J4nDnl2lOcYhpXzFH2C_uMO_zP0cKOUvuPmoQLK0AstTScUKqyV1Ea1FfBK8_JMjvtCIQ70ljllrl1c4fFZwevKsCfehrkABZw0S-6LQzFoWYpcH-3qV-awU309dX0_tk6oidL05KCXhJ31XqM2IzUotW06smrU7tJi22luGoOakaUQqJhd452QyqiOjMUCTZxSeQn_3ObtF_rL4w-z0WfB:1tgJIC:j0oqo5Ra3ewcZ9Esqo0fL_1RpyQaOFy9McLUnxU40yM	2025-02-21 08:00:52.553057+00
9ycfbao136gbzqm9kgrmow7c6ckxmuin	.eJxVkM1ugzAQhN9lz8jCf9jm1PQ1qggt9iJQwY6wUVpFefeGlAu31czst6N9AHqftlg63MpIsUwey5Rit1AZU8jQfj3gf4YWbpjzPa0BKsACLTfSOq4b7ZjgTtlaV0ALTvMrOmwzxtThR6FciPm0wPNawftMt2Vau2kncjhpPfpviruB87zL7KjH3pnDzuxyKvt5bJ1QI-bxxRFBonB9CEYYO6AS0vTKYa8H4-tGNM6QUlYYEiQ5F5rIq-C51FY7tL3YoZly3n9CP7dp_YW2fv4B_zZn9w:1tgJOl:srSv0_vqiVzW6aumjhmHqzlruOAZjhbe3zpl3XVKqko	2025-02-21 08:07:39.236939+00
lh5otl8hvdhaea8c9ldu36qsouxgdtb8	.eJxVkMFuhDAMRP_FZ4SIA5uEU7e_UVXISYxAhWRFgtpqtf_ezZYLN2tm_DzyHci5uIc80J4nDnl2lOcYhpXzFH2C_uMO_zP0cKOUvuPmoQLK0AsltRFaKaylaaTQWAGvNC_P6LgvFOJAb5lT5trFFR6fFbzODHvibZgLUcBJs-S-OBSDlqXI9VGvfmUOO9XXU9n3Y-uEmihNTw56SWis9wqVHqlFqWxryHajcs0FL0Zx22pUjCyFwI7Ztd4J2enOkLZYoIlTKj_hn9u8_ULfPP4A-5hn8w:1tgKCy:NztfocqYiMYbMIyhozReh7dOw0gU59BX_rWwlGz30O8	2025-02-21 08:59:32.415815+00
hnv4yxvw3wcji5nsdqy5obvcyenisieu	.eJxVkM1ugzAQhN9lzwjFP2Qxp6avUUXW2l4EKtgRNkqrKO_ekHLhtpqZ_Xa0DyDv0xqLpbUMHMvoqYwp2pnLkEKG7usB_zN0cKOc72kJUAEV6ASq1kihBdZoEFGrCnimcXpF-3WimCx9FM6Fa59meF4reJ-xa-bFjhtRwEFz5L85bgZN0ybXe736ndntXF8OZT_3rQNqoDy8ODIoksaFgBLbnrRU6LQh1_ToT2d5NshatxJZshJCNsxeBy9U0zaGWic3aOact5_wz21cfqE7Pf8AAspn-w:1tgKtd:cCAW8tLn9C3ofy3cMPIkyFXgYOx1NDo5k9CGVF8xfbQ	2025-02-21 09:43:37.823722+00
4vccqnmkhp86wzd8ey7hdbwlt2wi3ej2	.eJxVkM1ugzAQhN9lz8iK_zBwavoaVWQt9iKsgh1ho7SK8u6FlAu31czst6N9AjqX1lgsrmWkWILDElK0M5Ux-Qzd1xP-Z-jgjjk_0uKhAizQcSObVmguFdO81qoRFdCMYdqiwzphTBY_CuVCzKUZXrcK3mfsmmmxYSdyOGk9um-Ku4HTtMvsqMfemcPO7Hoq-3lsnVAj5nHjCC9RtL33RphmQCWk6VWLvR6Mu9Sibg2prbghQZJzoYmc8o5L3egWm17s0Ew57z-hn3tYfqG7vP4A9q5n7g:1tgLra:JEGozzDXFhtgsE-K4hzNz1U9t4BN7zKe7zwDtLPJ9ug	2025-02-21 10:45:34.536881+00
em3s4ij6zg6w749rxxxawper5zpbwyc2	.eJxVkMFuhDAMRP_FZ4Q2DiEJp25_o6qQkxiBCmRFgtpqtf_ezZYLN2tm_DzyHcj7uK-5pz2PvObJU57i2i-cxxgSdB93-J-hgxul9B23ABVQhk5oaSwqiapGZVXbygp4oWl-Rod9pjX29JY5Za59XODxWcHrTL8n3vqpEAWcNEf-i9di0DwXuT7q1a_MYaf6eir7fmydUCOl8cnBIAmtC0GjNgM1KLVrLDk1aH9psbWam8agZmQpBCpm3wQvpDLKknFYoIlTKj_hn9u0_UJ3efwB_TBn9Q:1tgLuf:E7bqFVvkGpB5sgCdWj91WFGD1msLj-2i0ufqLQwh2GQ	2025-02-21 10:48:45.279075+00
2sgvula3xmitc45g5y0spptjl7clstfc	.eJxVkMFuhDAMRP_FZ4Q2TkIIp25_o6qQkxgRFciKBLXVav-9y5YLN2tm_DzyHcj7tC2lp62MvJToqcS09DOXMYUM3ccd_mfo4EY5f6c1QAVUoBNGtha1kqrWqtFGqgp4pjg9o8M20ZJ6eiucC9c-zfD4rOB1pt8yr33ciQJOmiP_xctu0DTtcn3Uq1-Zw8719VT2_dg6oUbK45ODQRJaF4JB0w6kUBqnLDk9GH9psLGGlWrRMLIUAjWzV8ELqVttqXW4QzPnvP-Ef25x_YXu8vgD_FJn9A:1tgLwQ:xuyXRCMLa-pWX2YGaKIzwZLHE-Mi78KnB5s_5X9SAJE	2025-02-21 10:50:34.560132+00
c3nd1ach6pl2cc7dpznt6ptca0cx0ccb	.eJxVkNFugzAMRf_FzyhqQiCEp3W_MVXIJEZEg6TCQd1U9d8HHS-8Wb7Xx9d-AjqX1pg7XPNIMQeHOaTYzZTH5Bnaryf819DCHZkfafFQAGZopSkba6SqtJC2lrYAmjFMm3FYJ4ypw49MnEm4NMPrVsB7SbcyLV3YeRJOvR7dN8VdwGna2-IIJ96eQ2ZxPUX9PKZOqBF53DjKl6hs771RphlQq9L02mJfDcZdalVbQ1o3ypCiUm6HEDntnSyrprLY9GqHMjHvH6Gfe1h-ob28_gBq0WeN:1tgXrS:u08bryRmHWSkSiLgQNCZiewc4Rd3O54r2Im6HKLYnkQ	2025-02-21 23:34:14.220492+00
\.


--
-- Data for Name: groups_manager_group; Type: TABLE DATA; Schema: public; Owner: postgres
--

COPY public.groups_manager_group (id, name, codename, description, comment, full_name, properties, django_auth_sync, lft, rght, tree_id, level, django_group_id, group_type_id, parent_id) FROM stdin;
\.


--
-- Data for Name: groups_manager_group_group_entities; Type: TABLE DATA; Schema: public; Owner: postgres
--

COPY public.groups_manager_group_group_entities (id, group_id, groupentity_id) FROM stdin;
\.


--
-- Data for Name: groups_manager_groupentity; Type: TABLE DATA; Schema: public; Owner: postgres
--

COPY public.groups_manager_groupentity (id, label, codename) FROM stdin;
\.


--
-- Data for Name: groups_manager_groupmember; Type: TABLE DATA; Schema: public; Owner: postgres
--

COPY public.groups_manager_groupmember (id, group_id, member_id, expiration_date) FROM stdin;
\.


--
-- Data for Name: groups_manager_groupmember_roles; Type: TABLE DATA; Schema: public; Owner: postgres
--

COPY public.groups_manager_groupmember_roles (id, groupmember_id, groupmemberrole_id) FROM stdin;
\.


--
-- Data for Name: groups_manager_groupmemberrole; Type: TABLE DATA; Schema: public; Owner: postgres
--

COPY public.groups_manager_groupmemberrole (id, label, codename) FROM stdin;
\.


--
-- Data for Name: groups_manager_grouptype; Type: TABLE DATA; Schema: public; Owner: postgres
--

COPY public.groups_manager_grouptype (id, label, codename) FROM stdin;
\.


--
-- Data for Name: groups_manager_member; Type: TABLE DATA; Schema: public; Owner: postgres
--

COPY public.groups_manager_member (id, first_name, last_name, username, email, django_auth_sync, django_user_id) FROM stdin;
\.


--
-- Data for Name: meu_app_chatrecentes; Type: TABLE DATA; Schema: public; Owner: postgres
--

COPY public.meu_app_chatrecentes (id, ultima_mensagem, contato_id, usuario_id) FROM stdin;
1	2025-02-17 04:20:58.232802+00	2	1
2	2025-02-17 04:20:58.234635+00	1	2
5	2025-02-17 04:21:01.670053+00	1	1
3	2025-02-17 04:21:05.827155+00	3	1
4	2025-02-17 04:21:05.829063+00	1	3
\.


--
-- Data for Name: meu_app_mensagem; Type: TABLE DATA; Schema: public; Owner: postgres
--

COPY public.meu_app_mensagem (id, conteudo, "timestamp", lido, destinatario_id, remetente_id) FROM stdin;
1	oi b	2025-02-07 15:08:38.250626+00	f	2	1
2	oi b	2025-02-07 15:12:50.008603+00	f	2	1
3	oi b	2025-02-07 15:14:12.214944+00	f	2	1
4	oi b	2025-02-07 15:17:13.742189+00	f	2	1
5	ola b	2025-02-07 15:17:39.388464+00	f	2	1
6	oi b	2025-02-07 15:23:33.763449+00	f	2	1
39	oi	2025-02-07 15:42:24.809902+00	f	2	1
40	blza?	2025-02-07 15:42:30.800934+00	f	2	1
41	oi b	2025-02-07 15:48:14.959716+00	f	2	1
42	belezinha b?	2025-02-07 15:48:20.090098+00	f	2	1
43	oi c	2025-02-07 15:48:26.769179+00	f	3	1
44	belezinha c?	2025-02-07 15:48:29.143002+00	f	3	1
45	oi b	2025-02-07 23:34:21.591494+00	f	2	1
46	beleza b	2025-02-07 23:34:30.503116+00	f	2	1
47	como vai ?	2025-02-07 23:34:36.118956+00	f	2	1
48	oi b	2025-02-07 23:52:21.366212+00	f	2	1
49	tudo bem ?	2025-02-07 23:52:27.865239+00	f	2	1
50	msg 1 e ai C tudo bem ?	2025-02-07 23:53:41.501626+00	f	3	1
51	msg2 belezinha C?	2025-02-07 23:53:46.996181+00	f	3	1
52	msg4 entao B vc tah bem?	2025-02-07 23:53:58.517665+00	f	2	1
53	msg5 entao B qual eh a novidade?	2025-02-07 23:54:04.229203+00	f	2	1
54	ola teste 123	2025-02-17 04:20:58.220206+00	f	2	1
55	ola teste 1234	2025-02-17 04:21:01.655611+00	f	1	1
56	ola teste123	2025-02-17 04:21:05.818997+00	f	3	1
\.


--
-- Data for Name: meu_app_post; Type: TABLE DATA; Schema: public; Owner: postgres
--

COPY public.meu_app_post (id, conteudo, criado_em, autor_id, comunidade_id) FROM stdin;
\.


--
-- Data for Name: meu_app_profile; Type: TABLE DATA; Schema: public; Owner: postgres
--

COPY public.meu_app_profile (id, nickname, birth_date, country, state, city, marital_status, interests, profession, looking_for, age_range, religion, languages, smoking_status, drinking_status, more_homebody, less_homebody, body_type, height, weight, profile_picture, photo_album, lgbtq_status, relationship_role, role_description, headline, user_id) FROM stdin;
3		\N													f	f		\N	\N							2
7		\N													f	f		\N	\N							4
8		\N													f	f		\N	\N							5
9		\N													f	f		\N	\N							6
10		\N													f	f		\N	\N							7
11		\N													f	f		\N	\N							8
12		\N													f	f		\N	\N							9
13		\N													f	f		\N	\N							10
6		\N													f	f		\N	\N							3
5	fulano_a	1990-01-01	Japão	Tóquio	Nova York	Solteiro	Música, Filmes, Tecnologia	Engenheiro	Amizade	25-35	Agnóstico	Japonês, Inglês	Não	Sim	f	f	Magro	175	60			Sim, para todos	Versátil		Buscando novas amizades!	1
\.


--
-- Data for Name: socialaccount_socialaccount; Type: TABLE DATA; Schema: public; Owner: postgres
--

COPY public.socialaccount_socialaccount (id, provider, uid, last_login, date_joined, extra_data, user_id) FROM stdin;
\.


--
-- Data for Name: socialaccount_socialapp; Type: TABLE DATA; Schema: public; Owner: postgres
--

COPY public.socialaccount_socialapp (id, provider, name, client_id, secret, key, provider_id, settings) FROM stdin;
\.


--
-- Data for Name: socialaccount_socialtoken; Type: TABLE DATA; Schema: public; Owner: postgres
--

COPY public.socialaccount_socialtoken (id, token, token_secret, expires_at, account_id, app_id) FROM stdin;
\.


--
-- Name: account_emailaddress_id_seq; Type: SEQUENCE SET; Schema: public; Owner: postgres
--

SELECT pg_catalog.setval('public.account_emailaddress_id_seq', 10, true);


--
-- Name: account_emailconfirmation_id_seq; Type: SEQUENCE SET; Schema: public; Owner: postgres
--

SELECT pg_catalog.setval('public.account_emailconfirmation_id_seq', 1, false);


--
-- Name: auth_group_id_seq; Type: SEQUENCE SET; Schema: public; Owner: postgres
--

SELECT pg_catalog.setval('public.auth_group_id_seq', 1, false);


--
-- Name: auth_group_permissions_id_seq; Type: SEQUENCE SET; Schema: public; Owner: postgres
--

SELECT pg_catalog.setval('public.auth_group_permissions_id_seq', 1, false);


--
-- Name: auth_permission_id_seq; Type: SEQUENCE SET; Schema: public; Owner: postgres
--

SELECT pg_catalog.setval('public.auth_permission_id_seq', 84, true);


--
-- Name: auth_user_groups_id_seq; Type: SEQUENCE SET; Schema: public; Owner: postgres
--

SELECT pg_catalog.setval('public.auth_user_groups_id_seq', 1, false);


--
-- Name: auth_user_id_seq; Type: SEQUENCE SET; Schema: public; Owner: postgres
--

SELECT pg_catalog.setval('public.auth_user_id_seq', 10, true);


--
-- Name: auth_user_user_permissions_id_seq; Type: SEQUENCE SET; Schema: public; Owner: postgres
--

SELECT pg_catalog.setval('public.auth_user_user_permissions_id_seq', 1, false);


--
-- Name: django_admin_log_id_seq; Type: SEQUENCE SET; Schema: public; Owner: postgres
--

SELECT pg_catalog.setval('public.django_admin_log_id_seq', 1, false);


--
-- Name: django_content_type_id_seq; Type: SEQUENCE SET; Schema: public; Owner: postgres
--

SELECT pg_catalog.setval('public.django_content_type_id_seq', 21, true);


--
-- Name: django_migrations_id_seq; Type: SEQUENCE SET; Schema: public; Owner: postgres
--

SELECT pg_catalog.setval('public.django_migrations_id_seq', 54, true);


--
-- Name: groups_manager_group_group_entities_id_seq; Type: SEQUENCE SET; Schema: public; Owner: postgres
--

SELECT pg_catalog.setval('public.groups_manager_group_group_entities_id_seq', 1, false);


--
-- Name: groups_manager_group_id_seq; Type: SEQUENCE SET; Schema: public; Owner: postgres
--

SELECT pg_catalog.setval('public.groups_manager_group_id_seq', 1, false);


--
-- Name: groups_manager_groupentity_id_seq; Type: SEQUENCE SET; Schema: public; Owner: postgres
--

SELECT pg_catalog.setval('public.groups_manager_groupentity_id_seq', 1, false);


--
-- Name: groups_manager_groupmember_id_seq; Type: SEQUENCE SET; Schema: public; Owner: postgres
--

SELECT pg_catalog.setval('public.groups_manager_groupmember_id_seq', 1, false);


--
-- Name: groups_manager_groupmember_roles_id_seq; Type: SEQUENCE SET; Schema: public; Owner: postgres
--

SELECT pg_catalog.setval('public.groups_manager_groupmember_roles_id_seq', 1, false);


--
-- Name: groups_manager_groupmemberrole_id_seq; Type: SEQUENCE SET; Schema: public; Owner: postgres
--

SELECT pg_catalog.setval('public.groups_manager_groupmemberrole_id_seq', 1, false);


--
-- Name: groups_manager_grouptype_id_seq; Type: SEQUENCE SET; Schema: public; Owner: postgres
--

SELECT pg_catalog.setval('public.groups_manager_grouptype_id_seq', 1, false);


--
-- Name: groups_manager_member_id_seq; Type: SEQUENCE SET; Schema: public; Owner: postgres
--

SELECT pg_catalog.setval('public.groups_manager_member_id_seq', 1, false);


--
-- Name: meu_app_chatrecentes_id_seq; Type: SEQUENCE SET; Schema: public; Owner: postgres
--

SELECT pg_catalog.setval('public.meu_app_chatrecentes_id_seq', 5, true);


--
-- Name: meu_app_mensagem_id_seq; Type: SEQUENCE SET; Schema: public; Owner: postgres
--

SELECT pg_catalog.setval('public.meu_app_mensagem_id_seq', 56, true);


--
-- Name: meu_app_post_id_seq; Type: SEQUENCE SET; Schema: public; Owner: postgres
--

SELECT pg_catalog.setval('public.meu_app_post_id_seq', 1, false);


--
-- Name: meu_app_profile_id_seq; Type: SEQUENCE SET; Schema: public; Owner: postgres
--

SELECT pg_catalog.setval('public.meu_app_profile_id_seq', 13, true);


--
-- Name: socialaccount_socialaccount_id_seq; Type: SEQUENCE SET; Schema: public; Owner: postgres
--

SELECT pg_catalog.setval('public.socialaccount_socialaccount_id_seq', 1, false);


--
-- Name: socialaccount_socialapp_id_seq; Type: SEQUENCE SET; Schema: public; Owner: postgres
--

SELECT pg_catalog.setval('public.socialaccount_socialapp_id_seq', 1, false);


--
-- Name: socialaccount_socialtoken_id_seq; Type: SEQUENCE SET; Schema: public; Owner: postgres
--

SELECT pg_catalog.setval('public.socialaccount_socialtoken_id_seq', 1, false);


--
-- Name: account_emailaddress account_emailaddress_pkey; Type: CONSTRAINT; Schema: public; Owner: postgres
--

ALTER TABLE ONLY public.account_emailaddress
    ADD CONSTRAINT account_emailaddress_pkey PRIMARY KEY (id);


--
-- Name: account_emailaddress account_emailaddress_user_id_email_987c8728_uniq; Type: CONSTRAINT; Schema: public; Owner: postgres
--

ALTER TABLE ONLY public.account_emailaddress
    ADD CONSTRAINT account_emailaddress_user_id_email_987c8728_uniq UNIQUE (user_id, email);


--
-- Name: account_emailconfirmation account_emailconfirmation_key_key; Type: CONSTRAINT; Schema: public; Owner: postgres
--

ALTER TABLE ONLY public.account_emailconfirmation
    ADD CONSTRAINT account_emailconfirmation_key_key UNIQUE (key);


--
-- Name: account_emailconfirmation account_emailconfirmation_pkey; Type: CONSTRAINT; Schema: public; Owner: postgres
--

ALTER TABLE ONLY public.account_emailconfirmation
    ADD CONSTRAINT account_emailconfirmation_pkey PRIMARY KEY (id);


--
-- Name: auth_group auth_group_name_key; Type: CONSTRAINT; Schema: public; Owner: postgres
--

ALTER TABLE ONLY public.auth_group
    ADD CONSTRAINT auth_group_name_key UNIQUE (name);


--
-- Name: auth_group_permissions auth_group_permissions_group_id_permission_id_0cd325b0_uniq; Type: CONSTRAINT; Schema: public; Owner: postgres
--

ALTER TABLE ONLY public.auth_group_permissions
    ADD CONSTRAINT auth_group_permissions_group_id_permission_id_0cd325b0_uniq UNIQUE (group_id, permission_id);


--
-- Name: auth_group_permissions auth_group_permissions_pkey; Type: CONSTRAINT; Schema: public; Owner: postgres
--

ALTER TABLE ONLY public.auth_group_permissions
    ADD CONSTRAINT auth_group_permissions_pkey PRIMARY KEY (id);


--
-- Name: auth_group auth_group_pkey; Type: CONSTRAINT; Schema: public; Owner: postgres
--

ALTER TABLE ONLY public.auth_group
    ADD CONSTRAINT auth_group_pkey PRIMARY KEY (id);


--
-- Name: auth_permission auth_permission_content_type_id_codename_01ab375a_uniq; Type: CONSTRAINT; Schema: public; Owner: postgres
--

ALTER TABLE ONLY public.auth_permission
    ADD CONSTRAINT auth_permission_content_type_id_codename_01ab375a_uniq UNIQUE (content_type_id, codename);


--
-- Name: auth_permission auth_permission_pkey; Type: CONSTRAINT; Schema: public; Owner: postgres
--

ALTER TABLE ONLY public.auth_permission
    ADD CONSTRAINT auth_permission_pkey PRIMARY KEY (id);


--
-- Name: auth_user_groups auth_user_groups_pkey; Type: CONSTRAINT; Schema: public; Owner: postgres
--

ALTER TABLE ONLY public.auth_user_groups
    ADD CONSTRAINT auth_user_groups_pkey PRIMARY KEY (id);


--
-- Name: auth_user_groups auth_user_groups_user_id_group_id_94350c0c_uniq; Type: CONSTRAINT; Schema: public; Owner: postgres
--

ALTER TABLE ONLY public.auth_user_groups
    ADD CONSTRAINT auth_user_groups_user_id_group_id_94350c0c_uniq UNIQUE (user_id, group_id);


--
-- Name: auth_user auth_user_pkey; Type: CONSTRAINT; Schema: public; Owner: postgres
--

ALTER TABLE ONLY public.auth_user
    ADD CONSTRAINT auth_user_pkey PRIMARY KEY (id);


--
-- Name: auth_user_user_permissions auth_user_user_permissions_pkey; Type: CONSTRAINT; Schema: public; Owner: postgres
--

ALTER TABLE ONLY public.auth_user_user_permissions
    ADD CONSTRAINT auth_user_user_permissions_pkey PRIMARY KEY (id);


--
-- Name: auth_user_user_permissions auth_user_user_permissions_user_id_permission_id_14a6b632_uniq; Type: CONSTRAINT; Schema: public; Owner: postgres
--

ALTER TABLE ONLY public.auth_user_user_permissions
    ADD CONSTRAINT auth_user_user_permissions_user_id_permission_id_14a6b632_uniq UNIQUE (user_id, permission_id);


--
-- Name: auth_user auth_user_username_key; Type: CONSTRAINT; Schema: public; Owner: postgres
--

ALTER TABLE ONLY public.auth_user
    ADD CONSTRAINT auth_user_username_key UNIQUE (username);


--
-- Name: django_admin_log django_admin_log_pkey; Type: CONSTRAINT; Schema: public; Owner: postgres
--

ALTER TABLE ONLY public.django_admin_log
    ADD CONSTRAINT django_admin_log_pkey PRIMARY KEY (id);


--
-- Name: django_content_type django_content_type_app_label_model_76bd3d3b_uniq; Type: CONSTRAINT; Schema: public; Owner: postgres
--

ALTER TABLE ONLY public.django_content_type
    ADD CONSTRAINT django_content_type_app_label_model_76bd3d3b_uniq UNIQUE (app_label, model);


--
-- Name: django_content_type django_content_type_pkey; Type: CONSTRAINT; Schema: public; Owner: postgres
--

ALTER TABLE ONLY public.django_content_type
    ADD CONSTRAINT django_content_type_pkey PRIMARY KEY (id);


--
-- Name: django_migrations django_migrations_pkey; Type: CONSTRAINT; Schema: public; Owner: postgres
--

ALTER TABLE ONLY public.django_migrations
    ADD CONSTRAINT django_migrations_pkey PRIMARY KEY (id);


--
-- Name: django_session django_session_pkey; Type: CONSTRAINT; Schema: public; Owner: postgres
--

ALTER TABLE ONLY public.django_session
    ADD CONSTRAINT django_session_pkey PRIMARY KEY (session_key);


--
-- Name: groups_manager_group_group_entities groups_manager_group_gro_group_id_groupentity_id_e4f0b7d1_uniq; Type: CONSTRAINT; Schema: public; Owner: postgres
--

ALTER TABLE ONLY public.groups_manager_group_group_entities
    ADD CONSTRAINT groups_manager_group_gro_group_id_groupentity_id_e4f0b7d1_uniq UNIQUE (group_id, groupentity_id);


--
-- Name: groups_manager_group_group_entities groups_manager_group_group_entities_pkey; Type: CONSTRAINT; Schema: public; Owner: postgres
--

ALTER TABLE ONLY public.groups_manager_group_group_entities
    ADD CONSTRAINT groups_manager_group_group_entities_pkey PRIMARY KEY (id);


--
-- Name: groups_manager_group groups_manager_group_pkey; Type: CONSTRAINT; Schema: public; Owner: postgres
--

ALTER TABLE ONLY public.groups_manager_group
    ADD CONSTRAINT groups_manager_group_pkey PRIMARY KEY (id);


--
-- Name: groups_manager_groupentity groups_manager_groupentity_codename_key; Type: CONSTRAINT; Schema: public; Owner: postgres
--

ALTER TABLE ONLY public.groups_manager_groupentity
    ADD CONSTRAINT groups_manager_groupentity_codename_key UNIQUE (codename);


--
-- Name: groups_manager_groupentity groups_manager_groupentity_pkey; Type: CONSTRAINT; Schema: public; Owner: postgres
--

ALTER TABLE ONLY public.groups_manager_groupentity
    ADD CONSTRAINT groups_manager_groupentity_pkey PRIMARY KEY (id);


--
-- Name: groups_manager_groupmember_roles groups_manager_groupmemb_groupmember_id_groupmemb_526069f1_uniq; Type: CONSTRAINT; Schema: public; Owner: postgres
--

ALTER TABLE ONLY public.groups_manager_groupmember_roles
    ADD CONSTRAINT groups_manager_groupmemb_groupmember_id_groupmemb_526069f1_uniq UNIQUE (groupmember_id, groupmemberrole_id);


--
-- Name: groups_manager_groupmember groups_manager_groupmember_group_id_member_id_44655775_uniq; Type: CONSTRAINT; Schema: public; Owner: postgres
--

ALTER TABLE ONLY public.groups_manager_groupmember
    ADD CONSTRAINT groups_manager_groupmember_group_id_member_id_44655775_uniq UNIQUE (group_id, member_id);


--
-- Name: groups_manager_groupmember groups_manager_groupmember_pkey; Type: CONSTRAINT; Schema: public; Owner: postgres
--

ALTER TABLE ONLY public.groups_manager_groupmember
    ADD CONSTRAINT groups_manager_groupmember_pkey PRIMARY KEY (id);


--
-- Name: groups_manager_groupmember_roles groups_manager_groupmember_roles_pkey; Type: CONSTRAINT; Schema: public; Owner: postgres
--

ALTER TABLE ONLY public.groups_manager_groupmember_roles
    ADD CONSTRAINT groups_manager_groupmember_roles_pkey PRIMARY KEY (id);


--
-- Name: groups_manager_groupmemberrole groups_manager_groupmemberrole_codename_key; Type: CONSTRAINT; Schema: public; Owner: postgres
--

ALTER TABLE ONLY public.groups_manager_groupmemberrole
    ADD CONSTRAINT groups_manager_groupmemberrole_codename_key UNIQUE (codename);


--
-- Name: groups_manager_groupmemberrole groups_manager_groupmemberrole_pkey; Type: CONSTRAINT; Schema: public; Owner: postgres
--

ALTER TABLE ONLY public.groups_manager_groupmemberrole
    ADD CONSTRAINT groups_manager_groupmemberrole_pkey PRIMARY KEY (id);


--
-- Name: groups_manager_grouptype groups_manager_grouptype_codename_key; Type: CONSTRAINT; Schema: public; Owner: postgres
--

ALTER TABLE ONLY public.groups_manager_grouptype
    ADD CONSTRAINT groups_manager_grouptype_codename_key UNIQUE (codename);


--
-- Name: groups_manager_grouptype groups_manager_grouptype_pkey; Type: CONSTRAINT; Schema: public; Owner: postgres
--

ALTER TABLE ONLY public.groups_manager_grouptype
    ADD CONSTRAINT groups_manager_grouptype_pkey PRIMARY KEY (id);


--
-- Name: groups_manager_member groups_manager_member_pkey; Type: CONSTRAINT; Schema: public; Owner: postgres
--

ALTER TABLE ONLY public.groups_manager_member
    ADD CONSTRAINT groups_manager_member_pkey PRIMARY KEY (id);


--
-- Name: meu_app_chatrecentes meu_app_chatrecentes_pkey; Type: CONSTRAINT; Schema: public; Owner: postgres
--

ALTER TABLE ONLY public.meu_app_chatrecentes
    ADD CONSTRAINT meu_app_chatrecentes_pkey PRIMARY KEY (id);


--
-- Name: meu_app_chatrecentes meu_app_chatrecentes_usuario_id_contato_id_d69526e6_uniq; Type: CONSTRAINT; Schema: public; Owner: postgres
--

ALTER TABLE ONLY public.meu_app_chatrecentes
    ADD CONSTRAINT meu_app_chatrecentes_usuario_id_contato_id_d69526e6_uniq UNIQUE (usuario_id, contato_id);


--
-- Name: meu_app_mensagem meu_app_mensagem_pkey; Type: CONSTRAINT; Schema: public; Owner: postgres
--

ALTER TABLE ONLY public.meu_app_mensagem
    ADD CONSTRAINT meu_app_mensagem_pkey PRIMARY KEY (id);


--
-- Name: meu_app_post meu_app_post_pkey; Type: CONSTRAINT; Schema: public; Owner: postgres
--

ALTER TABLE ONLY public.meu_app_post
    ADD CONSTRAINT meu_app_post_pkey PRIMARY KEY (id);


--
-- Name: meu_app_profile meu_app_profile_pkey; Type: CONSTRAINT; Schema: public; Owner: postgres
--

ALTER TABLE ONLY public.meu_app_profile
    ADD CONSTRAINT meu_app_profile_pkey PRIMARY KEY (id);


--
-- Name: meu_app_profile meu_app_profile_user_id_key; Type: CONSTRAINT; Schema: public; Owner: postgres
--

ALTER TABLE ONLY public.meu_app_profile
    ADD CONSTRAINT meu_app_profile_user_id_key UNIQUE (user_id);


--
-- Name: socialaccount_socialaccount socialaccount_socialaccount_pkey; Type: CONSTRAINT; Schema: public; Owner: postgres
--

ALTER TABLE ONLY public.socialaccount_socialaccount
    ADD CONSTRAINT socialaccount_socialaccount_pkey PRIMARY KEY (id);


--
-- Name: socialaccount_socialaccount socialaccount_socialaccount_provider_uid_fc810c6e_uniq; Type: CONSTRAINT; Schema: public; Owner: postgres
--

ALTER TABLE ONLY public.socialaccount_socialaccount
    ADD CONSTRAINT socialaccount_socialaccount_provider_uid_fc810c6e_uniq UNIQUE (provider, uid);


--
-- Name: socialaccount_socialapp socialaccount_socialapp_pkey; Type: CONSTRAINT; Schema: public; Owner: postgres
--

ALTER TABLE ONLY public.socialaccount_socialapp
    ADD CONSTRAINT socialaccount_socialapp_pkey PRIMARY KEY (id);


--
-- Name: socialaccount_socialtoken socialaccount_socialtoken_app_id_account_id_fca4e0ac_uniq; Type: CONSTRAINT; Schema: public; Owner: postgres
--

ALTER TABLE ONLY public.socialaccount_socialtoken
    ADD CONSTRAINT socialaccount_socialtoken_app_id_account_id_fca4e0ac_uniq UNIQUE (app_id, account_id);


--
-- Name: socialaccount_socialtoken socialaccount_socialtoken_pkey; Type: CONSTRAINT; Schema: public; Owner: postgres
--

ALTER TABLE ONLY public.socialaccount_socialtoken
    ADD CONSTRAINT socialaccount_socialtoken_pkey PRIMARY KEY (id);


--
-- Name: account_emailaddress_email_03be32b2; Type: INDEX; Schema: public; Owner: postgres
--

CREATE INDEX account_emailaddress_email_03be32b2 ON public.account_emailaddress USING btree (email);


--
-- Name: account_emailaddress_email_03be32b2_like; Type: INDEX; Schema: public; Owner: postgres
--

CREATE INDEX account_emailaddress_email_03be32b2_like ON public.account_emailaddress USING btree (email varchar_pattern_ops);


--
-- Name: account_emailaddress_user_id_2c513194; Type: INDEX; Schema: public; Owner: postgres
--

CREATE INDEX account_emailaddress_user_id_2c513194 ON public.account_emailaddress USING btree (user_id);


--
-- Name: account_emailconfirmation_email_address_id_5b7f8c58; Type: INDEX; Schema: public; Owner: postgres
--

CREATE INDEX account_emailconfirmation_email_address_id_5b7f8c58 ON public.account_emailconfirmation USING btree (email_address_id);


--
-- Name: account_emailconfirmation_key_f43612bd_like; Type: INDEX; Schema: public; Owner: postgres
--

CREATE INDEX account_emailconfirmation_key_f43612bd_like ON public.account_emailconfirmation USING btree (key varchar_pattern_ops);


--
-- Name: auth_group_name_a6ea08ec_like; Type: INDEX; Schema: public; Owner: postgres
--

CREATE INDEX auth_group_name_a6ea08ec_like ON public.auth_group USING btree (name varchar_pattern_ops);


--
-- Name: auth_group_permissions_group_id_b120cbf9; Type: INDEX; Schema: public; Owner: postgres
--

CREATE INDEX auth_group_permissions_group_id_b120cbf9 ON public.auth_group_permissions USING btree (group_id);


--
-- Name: auth_group_permissions_permission_id_84c5c92e; Type: INDEX; Schema: public; Owner: postgres
--

CREATE INDEX auth_group_permissions_permission_id_84c5c92e ON public.auth_group_permissions USING btree (permission_id);


--
-- Name: auth_permission_content_type_id_2f476e4b; Type: INDEX; Schema: public; Owner: postgres
--

CREATE INDEX auth_permission_content_type_id_2f476e4b ON public.auth_permission USING btree (content_type_id);


--
-- Name: auth_user_groups_group_id_97559544; Type: INDEX; Schema: public; Owner: postgres
--

CREATE INDEX auth_user_groups_group_id_97559544 ON public.auth_user_groups USING btree (group_id);


--
-- Name: auth_user_groups_user_id_6a12ed8b; Type: INDEX; Schema: public; Owner: postgres
--

CREATE INDEX auth_user_groups_user_id_6a12ed8b ON public.auth_user_groups USING btree (user_id);


--
-- Name: auth_user_user_permissions_permission_id_1fbb5f2c; Type: INDEX; Schema: public; Owner: postgres
--

CREATE INDEX auth_user_user_permissions_permission_id_1fbb5f2c ON public.auth_user_user_permissions USING btree (permission_id);


--
-- Name: auth_user_user_permissions_user_id_a95ead1b; Type: INDEX; Schema: public; Owner: postgres
--

CREATE INDEX auth_user_user_permissions_user_id_a95ead1b ON public.auth_user_user_permissions USING btree (user_id);


--
-- Name: auth_user_username_6821ab7c_like; Type: INDEX; Schema: public; Owner: postgres
--

CREATE INDEX auth_user_username_6821ab7c_like ON public.auth_user USING btree (username varchar_pattern_ops);


--
-- Name: django_admin_log_content_type_id_c4bce8eb; Type: INDEX; Schema: public; Owner: postgres
--

CREATE INDEX django_admin_log_content_type_id_c4bce8eb ON public.django_admin_log USING btree (content_type_id);


--
-- Name: django_admin_log_user_id_c564eba6; Type: INDEX; Schema: public; Owner: postgres
--

CREATE INDEX django_admin_log_user_id_c564eba6 ON public.django_admin_log USING btree (user_id);


--
-- Name: django_session_expire_date_a5c62663; Type: INDEX; Schema: public; Owner: postgres
--

CREATE INDEX django_session_expire_date_a5c62663 ON public.django_session USING btree (expire_date);


--
-- Name: django_session_session_key_c0390e0f_like; Type: INDEX; Schema: public; Owner: postgres
--

CREATE INDEX django_session_session_key_c0390e0f_like ON public.django_session USING btree (session_key varchar_pattern_ops);


--
-- Name: groups_manager_group_codename_5511ed8f; Type: INDEX; Schema: public; Owner: postgres
--

CREATE INDEX groups_manager_group_codename_5511ed8f ON public.groups_manager_group USING btree (codename);


--
-- Name: groups_manager_group_codename_5511ed8f_like; Type: INDEX; Schema: public; Owner: postgres
--

CREATE INDEX groups_manager_group_codename_5511ed8f_like ON public.groups_manager_group USING btree (codename varchar_pattern_ops);


--
-- Name: groups_manager_group_django_group_id_677f5fa7; Type: INDEX; Schema: public; Owner: postgres
--

CREATE INDEX groups_manager_group_django_group_id_677f5fa7 ON public.groups_manager_group USING btree (django_group_id);


--
-- Name: groups_manager_group_group_entities_group_id_c0f390eb; Type: INDEX; Schema: public; Owner: postgres
--

CREATE INDEX groups_manager_group_group_entities_group_id_c0f390eb ON public.groups_manager_group_group_entities USING btree (group_id);


--
-- Name: groups_manager_group_group_entities_groupentity_id_999036ff; Type: INDEX; Schema: public; Owner: postgres
--

CREATE INDEX groups_manager_group_group_entities_groupentity_id_999036ff ON public.groups_manager_group_group_entities USING btree (groupentity_id);


--
-- Name: groups_manager_group_group_type_id_291c5d87; Type: INDEX; Schema: public; Owner: postgres
--

CREATE INDEX groups_manager_group_group_type_id_291c5d87 ON public.groups_manager_group USING btree (group_type_id);


--
-- Name: groups_manager_group_parent_id_fe91985f; Type: INDEX; Schema: public; Owner: postgres
--

CREATE INDEX groups_manager_group_parent_id_fe91985f ON public.groups_manager_group USING btree (parent_id);


--
-- Name: groups_manager_group_tree_id_1a171d75; Type: INDEX; Schema: public; Owner: postgres
--

CREATE INDEX groups_manager_group_tree_id_1a171d75 ON public.groups_manager_group USING btree (tree_id);


--
-- Name: groups_manager_groupentity_codename_f7251168_like; Type: INDEX; Schema: public; Owner: postgres
--

CREATE INDEX groups_manager_groupentity_codename_f7251168_like ON public.groups_manager_groupentity USING btree (codename varchar_pattern_ops);


--
-- Name: groups_manager_groupmember_group_id_75afe59d; Type: INDEX; Schema: public; Owner: postgres
--

CREATE INDEX groups_manager_groupmember_group_id_75afe59d ON public.groups_manager_groupmember USING btree (group_id);


--
-- Name: groups_manager_groupmember_member_id_e22df95f; Type: INDEX; Schema: public; Owner: postgres
--

CREATE INDEX groups_manager_groupmember_member_id_e22df95f ON public.groups_manager_groupmember USING btree (member_id);


--
-- Name: groups_manager_groupmember_roles_groupmember_id_2e0575ce; Type: INDEX; Schema: public; Owner: postgres
--

CREATE INDEX groups_manager_groupmember_roles_groupmember_id_2e0575ce ON public.groups_manager_groupmember_roles USING btree (groupmember_id);


--
-- Name: groups_manager_groupmember_roles_groupmemberrole_id_876db479; Type: INDEX; Schema: public; Owner: postgres
--

CREATE INDEX groups_manager_groupmember_roles_groupmemberrole_id_876db479 ON public.groups_manager_groupmember_roles USING btree (groupmemberrole_id);


--
-- Name: groups_manager_groupmemberrole_codename_1f5f7a14_like; Type: INDEX; Schema: public; Owner: postgres
--

CREATE INDEX groups_manager_groupmemberrole_codename_1f5f7a14_like ON public.groups_manager_groupmemberrole USING btree (codename varchar_pattern_ops);


--
-- Name: groups_manager_grouptype_codename_39b2395b_like; Type: INDEX; Schema: public; Owner: postgres
--

CREATE INDEX groups_manager_grouptype_codename_39b2395b_like ON public.groups_manager_grouptype USING btree (codename varchar_pattern_ops);


--
-- Name: groups_manager_member_django_user_id_31543a74; Type: INDEX; Schema: public; Owner: postgres
--

CREATE INDEX groups_manager_member_django_user_id_31543a74 ON public.groups_manager_member USING btree (django_user_id);


--
-- Name: meu_app_chatrecentes_contato_id_43483912; Type: INDEX; Schema: public; Owner: postgres
--

CREATE INDEX meu_app_chatrecentes_contato_id_43483912 ON public.meu_app_chatrecentes USING btree (contato_id);


--
-- Name: meu_app_chatrecentes_usuario_id_e2d260c6; Type: INDEX; Schema: public; Owner: postgres
--

CREATE INDEX meu_app_chatrecentes_usuario_id_e2d260c6 ON public.meu_app_chatrecentes USING btree (usuario_id);


--
-- Name: meu_app_mensagem_destinatario_id_1d6fff7f; Type: INDEX; Schema: public; Owner: postgres
--

CREATE INDEX meu_app_mensagem_destinatario_id_1d6fff7f ON public.meu_app_mensagem USING btree (destinatario_id);


--
-- Name: meu_app_mensagem_remetente_id_1c27865f; Type: INDEX; Schema: public; Owner: postgres
--

CREATE INDEX meu_app_mensagem_remetente_id_1c27865f ON public.meu_app_mensagem USING btree (remetente_id);


--
-- Name: meu_app_post_autor_id_74527c0d; Type: INDEX; Schema: public; Owner: postgres
--

CREATE INDEX meu_app_post_autor_id_74527c0d ON public.meu_app_post USING btree (autor_id);


--
-- Name: meu_app_post_comunidade_id_40f0c760; Type: INDEX; Schema: public; Owner: postgres
--

CREATE INDEX meu_app_post_comunidade_id_40f0c760 ON public.meu_app_post USING btree (comunidade_id);


--
-- Name: socialaccount_socialaccount_user_id_8146e70c; Type: INDEX; Schema: public; Owner: postgres
--

CREATE INDEX socialaccount_socialaccount_user_id_8146e70c ON public.socialaccount_socialaccount USING btree (user_id);


--
-- Name: socialaccount_socialtoken_account_id_951f210e; Type: INDEX; Schema: public; Owner: postgres
--

CREATE INDEX socialaccount_socialtoken_account_id_951f210e ON public.socialaccount_socialtoken USING btree (account_id);


--
-- Name: socialaccount_socialtoken_app_id_636a42d7; Type: INDEX; Schema: public; Owner: postgres
--

CREATE INDEX socialaccount_socialtoken_app_id_636a42d7 ON public.socialaccount_socialtoken USING btree (app_id);


--
-- Name: unique_primary_email; Type: INDEX; Schema: public; Owner: postgres
--

CREATE UNIQUE INDEX unique_primary_email ON public.account_emailaddress USING btree (user_id, "primary") WHERE "primary";


--
-- Name: unique_verified_email; Type: INDEX; Schema: public; Owner: postgres
--

CREATE UNIQUE INDEX unique_verified_email ON public.account_emailaddress USING btree (email) WHERE verified;


--
-- Name: account_emailaddress account_emailaddress_user_id_2c513194_fk_auth_user_id; Type: FK CONSTRAINT; Schema: public; Owner: postgres
--

ALTER TABLE ONLY public.account_emailaddress
    ADD CONSTRAINT account_emailaddress_user_id_2c513194_fk_auth_user_id FOREIGN KEY (user_id) REFERENCES public.auth_user(id) DEFERRABLE INITIALLY DEFERRED;


--
-- Name: account_emailconfirmation account_emailconfirm_email_address_id_5b7f8c58_fk_account_e; Type: FK CONSTRAINT; Schema: public; Owner: postgres
--

ALTER TABLE ONLY public.account_emailconfirmation
    ADD CONSTRAINT account_emailconfirm_email_address_id_5b7f8c58_fk_account_e FOREIGN KEY (email_address_id) REFERENCES public.account_emailaddress(id) DEFERRABLE INITIALLY DEFERRED;


--
-- Name: auth_group_permissions auth_group_permissio_permission_id_84c5c92e_fk_auth_perm; Type: FK CONSTRAINT; Schema: public; Owner: postgres
--

ALTER TABLE ONLY public.auth_group_permissions
    ADD CONSTRAINT auth_group_permissio_permission_id_84c5c92e_fk_auth_perm FOREIGN KEY (permission_id) REFERENCES public.auth_permission(id) DEFERRABLE INITIALLY DEFERRED;


--
-- Name: auth_group_permissions auth_group_permissions_group_id_b120cbf9_fk_auth_group_id; Type: FK CONSTRAINT; Schema: public; Owner: postgres
--

ALTER TABLE ONLY public.auth_group_permissions
    ADD CONSTRAINT auth_group_permissions_group_id_b120cbf9_fk_auth_group_id FOREIGN KEY (group_id) REFERENCES public.auth_group(id) DEFERRABLE INITIALLY DEFERRED;


--
-- Name: auth_permission auth_permission_content_type_id_2f476e4b_fk_django_co; Type: FK CONSTRAINT; Schema: public; Owner: postgres
--

ALTER TABLE ONLY public.auth_permission
    ADD CONSTRAINT auth_permission_content_type_id_2f476e4b_fk_django_co FOREIGN KEY (content_type_id) REFERENCES public.django_content_type(id) DEFERRABLE INITIALLY DEFERRED;


--
-- Name: auth_user_groups auth_user_groups_group_id_97559544_fk_auth_group_id; Type: FK CONSTRAINT; Schema: public; Owner: postgres
--

ALTER TABLE ONLY public.auth_user_groups
    ADD CONSTRAINT auth_user_groups_group_id_97559544_fk_auth_group_id FOREIGN KEY (group_id) REFERENCES public.auth_group(id) DEFERRABLE INITIALLY DEFERRED;


--
-- Name: auth_user_groups auth_user_groups_user_id_6a12ed8b_fk_auth_user_id; Type: FK CONSTRAINT; Schema: public; Owner: postgres
--

ALTER TABLE ONLY public.auth_user_groups
    ADD CONSTRAINT auth_user_groups_user_id_6a12ed8b_fk_auth_user_id FOREIGN KEY (user_id) REFERENCES public.auth_user(id) DEFERRABLE INITIALLY DEFERRED;


--
-- Name: auth_user_user_permissions auth_user_user_permi_permission_id_1fbb5f2c_fk_auth_perm; Type: FK CONSTRAINT; Schema: public; Owner: postgres
--

ALTER TABLE ONLY public.auth_user_user_permissions
    ADD CONSTRAINT auth_user_user_permi_permission_id_1fbb5f2c_fk_auth_perm FOREIGN KEY (permission_id) REFERENCES public.auth_permission(id) DEFERRABLE INITIALLY DEFERRED;


--
-- Name: auth_user_user_permissions auth_user_user_permissions_user_id_a95ead1b_fk_auth_user_id; Type: FK CONSTRAINT; Schema: public; Owner: postgres
--

ALTER TABLE ONLY public.auth_user_user_permissions
    ADD CONSTRAINT auth_user_user_permissions_user_id_a95ead1b_fk_auth_user_id FOREIGN KEY (user_id) REFERENCES public.auth_user(id) DEFERRABLE INITIALLY DEFERRED;


--
-- Name: django_admin_log django_admin_log_content_type_id_c4bce8eb_fk_django_co; Type: FK CONSTRAINT; Schema: public; Owner: postgres
--

ALTER TABLE ONLY public.django_admin_log
    ADD CONSTRAINT django_admin_log_content_type_id_c4bce8eb_fk_django_co FOREIGN KEY (content_type_id) REFERENCES public.django_content_type(id) DEFERRABLE INITIALLY DEFERRED;


--
-- Name: django_admin_log django_admin_log_user_id_c564eba6_fk_auth_user_id; Type: FK CONSTRAINT; Schema: public; Owner: postgres
--

ALTER TABLE ONLY public.django_admin_log
    ADD CONSTRAINT django_admin_log_user_id_c564eba6_fk_auth_user_id FOREIGN KEY (user_id) REFERENCES public.auth_user(id) DEFERRABLE INITIALLY DEFERRED;


--
-- Name: groups_manager_group groups_manager_group_django_group_id_677f5fa7_fk_auth_group_id; Type: FK CONSTRAINT; Schema: public; Owner: postgres
--

ALTER TABLE ONLY public.groups_manager_group
    ADD CONSTRAINT groups_manager_group_django_group_id_677f5fa7_fk_auth_group_id FOREIGN KEY (django_group_id) REFERENCES public.auth_group(id) DEFERRABLE INITIALLY DEFERRED;


--
-- Name: groups_manager_group_group_entities groups_manager_group_group_entities_group_id_c0f390eb_fk; Type: FK CONSTRAINT; Schema: public; Owner: postgres
--

ALTER TABLE ONLY public.groups_manager_group_group_entities
    ADD CONSTRAINT groups_manager_group_group_entities_group_id_c0f390eb_fk FOREIGN KEY (group_id) REFERENCES public.groups_manager_group(id) DEFERRABLE INITIALLY DEFERRED;


--
-- Name: groups_manager_group_group_entities groups_manager_group_group_entities_groupentity_id_999036ff_fk; Type: FK CONSTRAINT; Schema: public; Owner: postgres
--

ALTER TABLE ONLY public.groups_manager_group_group_entities
    ADD CONSTRAINT groups_manager_group_group_entities_groupentity_id_999036ff_fk FOREIGN KEY (groupentity_id) REFERENCES public.groups_manager_groupentity(id) DEFERRABLE INITIALLY DEFERRED;


--
-- Name: groups_manager_group groups_manager_group_group_type_id_291c5d87_fk; Type: FK CONSTRAINT; Schema: public; Owner: postgres
--

ALTER TABLE ONLY public.groups_manager_group
    ADD CONSTRAINT groups_manager_group_group_type_id_291c5d87_fk FOREIGN KEY (group_type_id) REFERENCES public.groups_manager_grouptype(id) DEFERRABLE INITIALLY DEFERRED;


--
-- Name: groups_manager_group groups_manager_group_parent_id_fe91985f_fk; Type: FK CONSTRAINT; Schema: public; Owner: postgres
--

ALTER TABLE ONLY public.groups_manager_group
    ADD CONSTRAINT groups_manager_group_parent_id_fe91985f_fk FOREIGN KEY (parent_id) REFERENCES public.groups_manager_group(id) DEFERRABLE INITIALLY DEFERRED;


--
-- Name: groups_manager_groupmember groups_manager_groupmember_group_id_75afe59d_fk; Type: FK CONSTRAINT; Schema: public; Owner: postgres
--

ALTER TABLE ONLY public.groups_manager_groupmember
    ADD CONSTRAINT groups_manager_groupmember_group_id_75afe59d_fk FOREIGN KEY (group_id) REFERENCES public.groups_manager_group(id) DEFERRABLE INITIALLY DEFERRED;


--
-- Name: groups_manager_groupmember groups_manager_groupmember_member_id_e22df95f_fk; Type: FK CONSTRAINT; Schema: public; Owner: postgres
--

ALTER TABLE ONLY public.groups_manager_groupmember
    ADD CONSTRAINT groups_manager_groupmember_member_id_e22df95f_fk FOREIGN KEY (member_id) REFERENCES public.groups_manager_member(id) DEFERRABLE INITIALLY DEFERRED;


--
-- Name: groups_manager_groupmember_roles groups_manager_groupmember_roles_groupmember_id_2e0575ce_fk; Type: FK CONSTRAINT; Schema: public; Owner: postgres
--

ALTER TABLE ONLY public.groups_manager_groupmember_roles
    ADD CONSTRAINT groups_manager_groupmember_roles_groupmember_id_2e0575ce_fk FOREIGN KEY (groupmember_id) REFERENCES public.groups_manager_groupmember(id) DEFERRABLE INITIALLY DEFERRED;


--
-- Name: groups_manager_groupmember_roles groups_manager_groupmember_roles_groupmemberrole_id_876db479_fk; Type: FK CONSTRAINT; Schema: public; Owner: postgres
--

ALTER TABLE ONLY public.groups_manager_groupmember_roles
    ADD CONSTRAINT groups_manager_groupmember_roles_groupmemberrole_id_876db479_fk FOREIGN KEY (groupmemberrole_id) REFERENCES public.groups_manager_groupmemberrole(id) DEFERRABLE INITIALLY DEFERRED;


--
-- Name: groups_manager_member groups_manager_member_django_user_id_31543a74_fk_auth_user_id; Type: FK CONSTRAINT; Schema: public; Owner: postgres
--

ALTER TABLE ONLY public.groups_manager_member
    ADD CONSTRAINT groups_manager_member_django_user_id_31543a74_fk_auth_user_id FOREIGN KEY (django_user_id) REFERENCES public.auth_user(id) DEFERRABLE INITIALLY DEFERRED;


--
-- Name: meu_app_chatrecentes meu_app_chatrecentes_contato_id_43483912_fk_auth_user_id; Type: FK CONSTRAINT; Schema: public; Owner: postgres
--

ALTER TABLE ONLY public.meu_app_chatrecentes
    ADD CONSTRAINT meu_app_chatrecentes_contato_id_43483912_fk_auth_user_id FOREIGN KEY (contato_id) REFERENCES public.auth_user(id) DEFERRABLE INITIALLY DEFERRED;


--
-- Name: meu_app_chatrecentes meu_app_chatrecentes_usuario_id_e2d260c6_fk_auth_user_id; Type: FK CONSTRAINT; Schema: public; Owner: postgres
--

ALTER TABLE ONLY public.meu_app_chatrecentes
    ADD CONSTRAINT meu_app_chatrecentes_usuario_id_e2d260c6_fk_auth_user_id FOREIGN KEY (usuario_id) REFERENCES public.auth_user(id) DEFERRABLE INITIALLY DEFERRED;


--
-- Name: meu_app_mensagem meu_app_mensagem_destinatario_id_1d6fff7f_fk_auth_user_id; Type: FK CONSTRAINT; Schema: public; Owner: postgres
--

ALTER TABLE ONLY public.meu_app_mensagem
    ADD CONSTRAINT meu_app_mensagem_destinatario_id_1d6fff7f_fk_auth_user_id FOREIGN KEY (destinatario_id) REFERENCES public.auth_user(id) DEFERRABLE INITIALLY DEFERRED;


--
-- Name: meu_app_mensagem meu_app_mensagem_remetente_id_1c27865f_fk_auth_user_id; Type: FK CONSTRAINT; Schema: public; Owner: postgres
--

ALTER TABLE ONLY public.meu_app_mensagem
    ADD CONSTRAINT meu_app_mensagem_remetente_id_1c27865f_fk_auth_user_id FOREIGN KEY (remetente_id) REFERENCES public.auth_user(id) DEFERRABLE INITIALLY DEFERRED;


--
-- Name: meu_app_post meu_app_post_autor_id_74527c0d_fk_auth_user_id; Type: FK CONSTRAINT; Schema: public; Owner: postgres
--

ALTER TABLE ONLY public.meu_app_post
    ADD CONSTRAINT meu_app_post_autor_id_74527c0d_fk_auth_user_id FOREIGN KEY (autor_id) REFERENCES public.auth_user(id) DEFERRABLE INITIALLY DEFERRED;


--
-- Name: meu_app_post meu_app_post_comunidade_id_40f0c760_fk_groups_manager_group_id; Type: FK CONSTRAINT; Schema: public; Owner: postgres
--

ALTER TABLE ONLY public.meu_app_post
    ADD CONSTRAINT meu_app_post_comunidade_id_40f0c760_fk_groups_manager_group_id FOREIGN KEY (comunidade_id) REFERENCES public.groups_manager_group(id) DEFERRABLE INITIALLY DEFERRED;


--
-- Name: meu_app_profile meu_app_profile_user_id_72d02cc4_fk_auth_user_id; Type: FK CONSTRAINT; Schema: public; Owner: postgres
--

ALTER TABLE ONLY public.meu_app_profile
    ADD CONSTRAINT meu_app_profile_user_id_72d02cc4_fk_auth_user_id FOREIGN KEY (user_id) REFERENCES public.auth_user(id) DEFERRABLE INITIALLY DEFERRED;


--
-- Name: socialaccount_socialtoken socialaccount_social_account_id_951f210e_fk_socialacc; Type: FK CONSTRAINT; Schema: public; Owner: postgres
--

ALTER TABLE ONLY public.socialaccount_socialtoken
    ADD CONSTRAINT socialaccount_social_account_id_951f210e_fk_socialacc FOREIGN KEY (account_id) REFERENCES public.socialaccount_socialaccount(id) DEFERRABLE INITIALLY DEFERRED;


--
-- Name: socialaccount_socialtoken socialaccount_social_app_id_636a42d7_fk_socialacc; Type: FK CONSTRAINT; Schema: public; Owner: postgres
--

ALTER TABLE ONLY public.socialaccount_socialtoken
    ADD CONSTRAINT socialaccount_social_app_id_636a42d7_fk_socialacc FOREIGN KEY (app_id) REFERENCES public.socialaccount_socialapp(id) DEFERRABLE INITIALLY DEFERRED;


--
-- Name: socialaccount_socialaccount socialaccount_socialaccount_user_id_8146e70c_fk_auth_user_id; Type: FK CONSTRAINT; Schema: public; Owner: postgres
--

ALTER TABLE ONLY public.socialaccount_socialaccount
    ADD CONSTRAINT socialaccount_socialaccount_user_id_8146e70c_fk_auth_user_id FOREIGN KEY (user_id) REFERENCES public.auth_user(id) DEFERRABLE INITIALLY DEFERRED;


--
-- PostgreSQL database dump complete
--

